GW2_1_1
1 93001U 26003A   26093.00000000  .00000000  00000-0  00000-0 0  9994
2 93001  86.5000   0.0000 0000000   0.0000   0.0000 13.22550000    13
GW2_1_2
1 93002U 26003B   26093.00000000  .00000000  00000-0  00000-0 0  9995
2 93002  86.5000   0.0000 0000000   0.0000   9.0000 13.22550000    24
GW2_1_3
1 93003U 26003C   26093.00000000  .00000000  00000-0  00000-0 0  9996
2 93003  86.5000   0.0000 0000000   0.0000  18.0000 13.22550000    36
GW2_1_4
1 93004U 26003D   26093.00000000  .00000000  00000-0  00000-0 0  9997
2 93004  86.5000   0.0000 0000000   0.0000  27.0000 13.22550000    48
GW2_1_5
1 93005U 26003E   26093.00000000  .00000000  00000-0  00000-0 0  9998
2 93005  86.5000   0.0000 0000000   0.0000  36.0000 13.22550000    50
GW2_1_6
1 93006U 26003F   26093.00000000  .00000000  00000-0  00000-0 0  9999
2 93006  86.5000   0.0000 0000000   0.0000  45.0000 13.22550000    62
GW2_1_7
1 93007U 26003G   26093.00000000  .00000000  00000-0  00000-0 0  9990
2 93007  86.5000   0.0000 0000000   0.0000  54.0000 13.22550000    74
GW2_1_8
1 93008U 26003H   26093.00000000  .00000000  00000-0  00000-0 0  9991
2 93008  86.5000   0.0000 0000000   0.0000  63.0000 13.22550000    86
GW2_1_9
1 93009U 26003I   26093.00000000  .00000000  00000-0  00000-0 0  9992
2 93009  86.5000   0.0000 0000000   0.0000  72.0000 13.22550000    98
GW2_1_10
1 93010U 26003J   26093.00000000  .00000000  00000-0  00000-0 0  9994
2 93010  86.5000   0.0000 0000000   0.0000  81.0000 13.22550000   102
GW2_1_11
1 93011U 26003K   26093.00000000  .00000000  00000-0  00000-0 0  9995
2 93011  86.5000   0.0000 0000000   0.0000  90.0000 13.22550000   114
GW2_1_12
1 93012U 26003L   26093.00000000  .00000000  00000-0  00000-0 0  9996
2 93012  86.5000   0.0000 0000000   0.0000  99.0000 13.22550000   125
GW2_1_13
1 93013U 26003M   26093.00000000  .00000000  00000-0  00000-0 0  9997
2 93013  86.5000   0.0000 0000000   0.0000 108.0000 13.22550000   138
GW2_1_14
1 93014U 26003N   26093.00000000  .00000000  00000-0  00000-0 0  9998
2 93014  86.5000   0.0000 0000000   0.0000 117.0000 13.22550000   140
GW2_1_15
1 93015U 26003O   26093.00000000  .00000000  00000-0  00000-0 0  9999
2 93015  86.5000   0.0000 0000000   0.0000 126.0000 13.22550000   152
GW2_1_16
1 93016U 26003P   26093.00000000  .00000000  00000-0  00000-0 0  9990
2 93016  86.5000   0.0000 0000000   0.0000 135.0000 13.22550000   164
GW2_1_17
1 93017U 26003Q   26093.00000000  .00000000  00000-0  00000-0 0  9991
2 93017  86.5000   0.0000 0000000   0.0000 144.0000 13.22550000   176
GW2_1_18
1 93018U 26003R   26093.00000000  .00000000  00000-0  00000-0 0  9992
2 93018  86.5000   0.0000 0000000   0.0000 153.0000 13.22550000   188
GW2_1_19
1 93019U 26003S   26093.00000000  .00000000  00000-0  00000-0 0  9993
2 93019  86.5000   0.0000 0000000   0.0000 162.0000 13.22550000   190
GW2_1_20
1 93020U 26003T   26093.00000000  .00000000  00000-0  00000-0 0  9995
2 93020  86.5000   0.0000 0000000   0.0000 171.0000 13.22550000   204
GW2_1_21
1 93021U 26003U   26093.00000000  .00000000  00000-0  00000-0 0  9996
2 93021  86.5000   0.0000 0000000   0.0000 180.0000 13.22550000   216
GW2_1_22
1 93022U 26003V   26093.00000000  .00000000  00000-0  00000-0 0  9997
2 93022  86.5000   0.0000 0000000   0.0000 189.0000 13.22550000   227
GW2_1_23
1 93023U 26003W   26093.00000000  .00000000  00000-0  00000-0 0  9998
2 93023  86.5000   0.0000 0000000   0.0000 198.0000 13.22550000   239
GW2_1_24
1 93024U 26003X   26093.00000000  .00000000  00000-0  00000-0 0  9999
2 93024  86.5000   0.0000 0000000   0.0000 207.0000 13.22550000   242
GW2_1_25
1 93025U 26003Y   26093.00000000  .00000000  00000-0  00000-0 0  9990
2 93025  86.5000   0.0000 0000000   0.0000 216.0000 13.22550000   254
GW2_1_26
1 93026U 26003Z   26093.00000000  .00000000  00000-0  00000-0 0  9991
2 93026  86.5000   0.0000 0000000   0.0000 225.0000 13.22550000   266
GW2_1_27
1 93027U 26003AA  26093.00000000  .00000000  00000-0  00000-0 0  9992
2 93027  86.5000   0.0000 0000000   0.0000 234.0000 13.22550000   278
GW2_1_28
1 93028U 26003AB  26093.00000000  .00000000  00000-0  00000-0 0  9993
2 93028  86.5000   0.0000 0000000   0.0000 243.0000 13.22550000   280
GW2_1_29
1 93029U 26003AC  26093.00000000  .00000000  00000-0  00000-0 0  9994
2 93029  86.5000   0.0000 0000000   0.0000 252.0000 13.22550000   292
GW2_1_30
1 93030U 26003AD  26093.00000000  .00000000  00000-0  00000-0 0  9996
2 93030  86.5000   0.0000 0000000   0.0000 261.0000 13.22550000   306
GW2_1_31
1 93031U 26003AE  26093.00000000  .00000000  00000-0  00000-0 0  9997
2 93031  86.5000   0.0000 0000000   0.0000 270.0000 13.22550000   318
GW2_1_32
1 93032U 26003AF  26093.00000000  .00000000  00000-0  00000-0 0  9998
2 93032  86.5000   0.0000 0000000   0.0000 279.0000 13.22550000   329
GW2_1_33
1 93033U 26003AG  26093.00000000  .00000000  00000-0  00000-0 0  9999
2 93033  86.5000   0.0000 0000000   0.0000 288.0000 13.22550000   331
GW2_1_34
1 93034U 26003AH  26093.00000000  .00000000  00000-0  00000-0 0  9990
2 93034  86.5000   0.0000 0000000   0.0000 297.0000 13.22550000   343
GW2_1_35
1 93035U 26003AI  26093.00000000  .00000000  00000-0  00000-0 0  9991
2 93035  86.5000   0.0000 0000000   0.0000 306.0000 13.22550000   356
GW2_1_36
1 93036U 26003AJ  26093.00000000  .00000000  00000-0  00000-0 0  9992
2 93036  86.5000   0.0000 0000000   0.0000 315.0000 13.22550000   368
GW2_1_37
1 93037U 26003AK  26093.00000000  .00000000  00000-0  00000-0 0  9993
2 93037  86.5000   0.0000 0000000   0.0000 324.0000 13.22550000   370
GW2_1_38
1 93038U 26003AL  26093.00000000  .00000000  00000-0  00000-0 0  9994
2 93038  86.5000   0.0000 0000000   0.0000 333.0000 13.22550000   382
GW2_1_39
1 93039U 26003AM  26093.00000000  .00000000  00000-0  00000-0 0  9995
2 93039  86.5000   0.0000 0000000   0.0000 342.0000 13.22550000   394
GW2_1_40
1 93040U 26003AN  26093.00000000  .00000000  00000-0  00000-0 0  9997
2 93040  86.5000   0.0000 0000000   0.0000 351.0000 13.22550000   408
GW2_2_1
1 93041U 26003AO  26093.00000000  .00000000  00000-0  00000-0 0  9998
2 93041  86.5000   9.0000 0000000   0.0000   0.5000 13.22550000   415
GW2_2_2
1 93042U 26003AP  26093.00000000  .00000000  00000-0  00000-0 0  9999
2 93042  86.5000   9.0000 0000000   0.0000   9.5000 13.22550000   426
GW2_2_3
1 93043U 26003AQ  26093.00000000  .00000000  00000-0  00000-0 0  9990
2 93043  86.5000   9.0000 0000000   0.0000  18.5000 13.22550000   438
GW2_2_4
1 93044U 26003AR  26093.00000000  .00000000  00000-0  00000-0 0  9991
2 93044  86.5000   9.0000 0000000   0.0000  27.5000 13.22550000   440
GW2_2_5
1 93045U 26003AS  26093.00000000  .00000000  00000-0  00000-0 0  9992
2 93045  86.5000   9.0000 0000000   0.0000  36.5000 13.22550000   452
GW2_2_6
1 93046U 26003AT  26093.00000000  .00000000  00000-0  00000-0 0  9993
2 93046  86.5000   9.0000 0000000   0.0000  45.5000 13.22550000   464
GW2_2_7
1 93047U 26003AU  26093.00000000  .00000000  00000-0  00000-0 0  9994
2 93047  86.5000   9.0000 0000000   0.0000  54.5000 13.22550000   476
GW2_2_8
1 93048U 26003AV  26093.00000000  .00000000  00000-0  00000-0 0  9995
2 93048  86.5000   9.0000 0000000   0.0000  63.5000 13.22550000   488
GW2_2_9
1 93049U 26003AW  26093.00000000  .00000000  00000-0  00000-0 0  9996
2 93049  86.5000   9.0000 0000000   0.0000  72.5000 13.22550000   490
GW2_2_10
1 93050U 26003AX  26093.00000000  .00000000  00000-0  00000-0 0  9998
2 93050  86.5000   9.0000 0000000   0.0000  81.5000 13.22550000   504
GW2_2_11
1 93051U 26003AY  26093.00000000  .00000000  00000-0  00000-0 0  9999
2 93051  86.5000   9.0000 0000000   0.0000  90.5000 13.22550000   516
GW2_2_12
1 93052U 26003AZ  26093.00000000  .00000000  00000-0  00000-0 0  9990
2 93052  86.5000   9.0000 0000000   0.0000  99.5000 13.22550000   527
GW2_2_13
1 93053U 26003BA  26093.00000000  .00000000  00000-0  00000-0 0  9991
2 93053  86.5000   9.0000 0000000   0.0000 108.5000 13.22550000   530
GW2_2_14
1 93054U 26003BB  26093.00000000  .00000000  00000-0  00000-0 0  9992
2 93054  86.5000   9.0000 0000000   0.0000 117.5000 13.22550000   542
GW2_2_15
1 93055U 26003BC  26093.00000000  .00000000  00000-0  00000-0 0  9993
2 93055  86.5000   9.0000 0000000   0.0000 126.5000 13.22550000   554
GW2_2_16
1 93056U 26003BD  26093.00000000  .00000000  00000-0  00000-0 0  9994
2 93056  86.5000   9.0000 0000000   0.0000 135.5000 13.22550000   566
GW2_2_17
1 93057U 26003BE  26093.00000000  .00000000  00000-0  00000-0 0  9995
2 93057  86.5000   9.0000 0000000   0.0000 144.5000 13.22550000   578
GW2_2_18
1 93058U 26003BF  26093.00000000  .00000000  00000-0  00000-0 0  9996
2 93058  86.5000   9.0000 0000000   0.0000 153.5000 13.22550000   580
GW2_2_19
1 93059U 26003BG  26093.00000000  .00000000  00000-0  00000-0 0  9997
2 93059  86.5000   9.0000 0000000   0.0000 162.5000 13.22550000   592
GW2_2_20
1 93060U 26003BH  26093.00000000  .00000000  00000-0  00000-0 0  9999
2 93060  86.5000   9.0000 0000000   0.0000 171.5000 13.22550000   606
GW2_2_21
1 93061U 26003BI  26093.00000000  .00000000  00000-0  00000-0 0  9990
2 93061  86.5000   9.0000 0000000   0.0000 180.5000 13.22550000   618
GW2_2_22
1 93062U 26003BJ  26093.00000000  .00000000  00000-0  00000-0 0  9991
2 93062  86.5000   9.0000 0000000   0.0000 189.5000 13.22550000   629
GW2_2_23
1 93063U 26003BK  26093.00000000  .00000000  00000-0  00000-0 0  9992
2 93063  86.5000   9.0000 0000000   0.0000 198.5000 13.22550000   631
GW2_2_24
1 93064U 26003BL  26093.00000000  .00000000  00000-0  00000-0 0  9993
2 93064  86.5000   9.0000 0000000   0.0000 207.5000 13.22550000   644
GW2_2_25
1 93065U 26003BM  26093.00000000  .00000000  00000-0  00000-0 0  9994
2 93065  86.5000   9.0000 0000000   0.0000 216.5000 13.22550000   656
GW2_2_26
1 93066U 26003BN  26093.00000000  .00000000  00000-0  00000-0 0  9995
2 93066  86.5000   9.0000 0000000   0.0000 225.5000 13.22550000   668
GW2_2_27
1 93067U 26003BO  26093.00000000  .00000000  00000-0  00000-0 0  9996
2 93067  86.5000   9.0000 0000000   0.0000 234.5000 13.22550000   670
GW2_2_28
1 93068U 26003BP  26093.00000000  .00000000  00000-0  00000-0 0  9997
2 93068  86.5000   9.0000 0000000   0.0000 243.5000 13.22550000   682
GW2_2_29
1 93069U 26003BQ  26093.00000000  .00000000  00000-0  00000-0 0  9998
2 93069  86.5000   9.0000 0000000   0.0000 252.5000 13.22550000   694
GW2_2_30
1 93070U 26003BR  26093.00000000  .00000000  00000-0  00000-0 0  9990
2 93070  86.5000   9.0000 0000000   0.0000 261.5000 13.22550000   708
GW2_2_31
1 93071U 26003BS  26093.00000000  .00000000  00000-0  00000-0 0  9991
2 93071  86.5000   9.0000 0000000   0.0000 270.5000 13.22550000   710
GW2_2_32
1 93072U 26003BT  26093.00000000  .00000000  00000-0  00000-0 0  9992
2 93072  86.5000   9.0000 0000000   0.0000 279.5000 13.22550000   721
GW2_2_33
1 93073U 26003BU  26093.00000000  .00000000  00000-0  00000-0 0  9993
2 93073  86.5000   9.0000 0000000   0.0000 288.5000 13.22550000   733
GW2_2_34
1 93074U 26003BV  26093.00000000  .00000000  00000-0  00000-0 0  9994
2 93074  86.5000   9.0000 0000000   0.0000 297.5000 13.22550000   745
GW2_2_35
1 93075U 26003BW  26093.00000000  .00000000  00000-0  00000-0 0  9995
2 93075  86.5000   9.0000 0000000   0.0000 306.5000 13.22550000   758
GW2_2_36
1 93076U 26003BX  26093.00000000  .00000000  00000-0  00000-0 0  9996
2 93076  86.5000   9.0000 0000000   0.0000 315.5000 13.22550000   760
GW2_2_37
1 93077U 26003BY  26093.00000000  .00000000  00000-0  00000-0 0  9997
2 93077  86.5000   9.0000 0000000   0.0000 324.5000 13.22550000   772
GW2_2_38
1 93078U 26003BZ  26093.00000000  .00000000  00000-0  00000-0 0  9998
2 93078  86.5000   9.0000 0000000   0.0000 333.5000 13.22550000   784
GW2_2_39
1 93079U 26003CA  26093.00000000  .00000000  00000-0  00000-0 0  9999
2 93079  86.5000   9.0000 0000000   0.0000 342.5000 13.22550000   796
GW2_2_40
1 93080U 26003CB  26093.00000000  .00000000  00000-0  00000-0 0  9991
2 93080  86.5000   9.0000 0000000   0.0000 351.5000 13.22550000   800
GW2_3_1
1 93081U 26003CC  26093.00000000  .00000000  00000-0  00000-0 0  9992
2 93081  86.5000  18.0000 0000000   0.0000   1.0000 13.22550000   819
GW2_3_2
1 93082U 26003CD  26093.00000000  .00000000  00000-0  00000-0 0  9993
2 93082  86.5000  18.0000 0000000   0.0000  10.0000 13.22550000   821
GW2_3_3
1 93083U 26003CE  26093.00000000  .00000000  00000-0  00000-0 0  9994
2 93083  86.5000  18.0000 0000000   0.0000  19.0000 13.22550000   832
GW2_3_4
1 93084U 26003CF  26093.00000000  .00000000  00000-0  00000-0 0  9995
2 93084  86.5000  18.0000 0000000   0.0000  28.0000 13.22550000   844
GW2_3_5
1 93085U 26003CG  26093.00000000  .00000000  00000-0  00000-0 0  9996
2 93085  86.5000  18.0000 0000000   0.0000  37.0000 13.22550000   856
GW2_3_6
1 93086U 26003CH  26093.00000000  .00000000  00000-0  00000-0 0  9997
2 93086  86.5000  18.0000 0000000   0.0000  46.0000 13.22550000   868
GW2_3_7
1 93087U 26003CI  26093.00000000  .00000000  00000-0  00000-0 0  9998
2 93087  86.5000  18.0000 0000000   0.0000  55.0000 13.22550000   870
GW2_3_8
1 93088U 26003CJ  26093.00000000  .00000000  00000-0  00000-0 0  9999
2 93088  86.5000  18.0000 0000000   0.0000  64.0000 13.22550000   882
GW2_3_9
1 93089U 26003CK  26093.00000000  .00000000  00000-0  00000-0 0  9990
2 93089  86.5000  18.0000 0000000   0.0000  73.0000 13.22550000   894
GW2_3_10
1 93090U 26003CL  26093.00000000  .00000000  00000-0  00000-0 0  9992
2 93090  86.5000  18.0000 0000000   0.0000  82.0000 13.22550000   908
GW2_3_11
1 93091U 26003CM  26093.00000000  .00000000  00000-0  00000-0 0  9993
2 93091  86.5000  18.0000 0000000   0.0000  91.0000 13.22550000   910
GW2_3_12
1 93092U 26003CN  26093.00000000  .00000000  00000-0  00000-0 0  9994
2 93092  86.5000  18.0000 0000000   0.0000 100.0000 13.22550000   923
GW2_3_13
1 93093U 26003CO  26093.00000000  .00000000  00000-0  00000-0 0  9995
2 93093  86.5000  18.0000 0000000   0.0000 109.0000 13.22550000   934
GW2_3_14
1 93094U 26003CP  26093.00000000  .00000000  00000-0  00000-0 0  9996
2 93094  86.5000  18.0000 0000000   0.0000 118.0000 13.22550000   946
GW2_3_15
1 93095U 26003CQ  26093.00000000  .00000000  00000-0  00000-0 0  9997
2 93095  86.5000  18.0000 0000000   0.0000 127.0000 13.22550000   958
GW2_3_16
1 93096U 26003CR  26093.00000000  .00000000  00000-0  00000-0 0  9998
2 93096  86.5000  18.0000 0000000   0.0000 136.0000 13.22550000   960
GW2_3_17
1 93097U 26003CS  26093.00000000  .00000000  00000-0  00000-0 0  9999
2 93097  86.5000  18.0000 0000000   0.0000 145.0000 13.22550000   972
GW2_3_18
1 93098U 26003CT  26093.00000000  .00000000  00000-0  00000-0 0  9990
2 93098  86.5000  18.0000 0000000   0.0000 154.0000 13.22550000   984
GW2_3_19
1 93099U 26003CU  26093.00000000  .00000000  00000-0  00000-0 0  9991
2 93099  86.5000  18.0000 0000000   0.0000 163.0000 13.22550000   996
GW2_3_20
1 93100U 26003CV  26093.00000000  .00000000  00000-0  00000-0 0  9994
2 93100  86.5000  18.0000 0000000   0.0000 172.0000 13.22550000  1002
GW2_3_21
1 93101U 26003CW  26093.00000000  .00000000  00000-0  00000-0 0  9995
2 93101  86.5000  18.0000 0000000   0.0000 181.0000 13.22550000  1014
GW2_3_22
1 93102U 26003CX  26093.00000000  .00000000  00000-0  00000-0 0  9996
2 93102  86.5000  18.0000 0000000   0.0000 190.0000 13.22550000  1026
GW2_3_23
1 93103U 26003CY  26093.00000000  .00000000  00000-0  00000-0 0  9997
2 93103  86.5000  18.0000 0000000   0.0000 199.0000 13.22550000  1037
GW2_3_24
1 93104U 26003CZ  26093.00000000  .00000000  00000-0  00000-0 0  9998
2 93104  86.5000  18.0000 0000000   0.0000 208.0000 13.22550000  1040
GW2_3_25
1 93105U 26003DA  26093.00000000  .00000000  00000-0  00000-0 0  9999
2 93105  86.5000  18.0000 0000000   0.0000 217.0000 13.22550000  1052
GW2_3_26
1 93106U 26003DB  26093.00000000  .00000000  00000-0  00000-0 0  9990
2 93106  86.5000  18.0000 0000000   0.0000 226.0000 13.22550000  1064
GW2_3_27
1 93107U 26003DC  26093.00000000  .00000000  00000-0  00000-0 0  9991
2 93107  86.5000  18.0000 0000000   0.0000 235.0000 13.22550000  1076
GW2_3_28
1 93108U 26003DD  26093.00000000  .00000000  00000-0  00000-0 0  9992
2 93108  86.5000  18.0000 0000000   0.0000 244.0000 13.22550000  1088
GW2_3_29
1 93109U 26003DE  26093.00000000  .00000000  00000-0  00000-0 0  9993
2 93109  86.5000  18.0000 0000000   0.0000 253.0000 13.22550000  1090
GW2_3_30
1 93110U 26003DF  26093.00000000  .00000000  00000-0  00000-0 0  9995
2 93110  86.5000  18.0000 0000000   0.0000 262.0000 13.22550000  1104
GW2_3_31
1 93111U 26003DG  26093.00000000  .00000000  00000-0  00000-0 0  9996
2 93111  86.5000  18.0000 0000000   0.0000 271.0000 13.22550000  1116
GW2_3_32
1 93112U 26003DH  26093.00000000  .00000000  00000-0  00000-0 0  9997
2 93112  86.5000  18.0000 0000000   0.0000 280.0000 13.22550000  1128
GW2_3_33
1 93113U 26003DI  26093.00000000  .00000000  00000-0  00000-0 0  9998
2 93113  86.5000  18.0000 0000000   0.0000 289.0000 13.22550000  1139
GW2_3_34
1 93114U 26003DJ  26093.00000000  .00000000  00000-0  00000-0 0  9999
2 93114  86.5000  18.0000 0000000   0.0000 298.0000 13.22550000  1141
GW2_3_35
1 93115U 26003DK  26093.00000000  .00000000  00000-0  00000-0 0  9990
2 93115  86.5000  18.0000 0000000   0.0000 307.0000 13.22550000  1154
GW2_3_36
1 93116U 26003DL  26093.00000000  .00000000  00000-0  00000-0 0  9991
2 93116  86.5000  18.0000 0000000   0.0000 316.0000 13.22550000  1166
GW2_3_37
1 93117U 26003DM  26093.00000000  .00000000  00000-0  00000-0 0  9992
2 93117  86.5000  18.0000 0000000   0.0000 325.0000 13.22550000  1178
GW2_3_38
1 93118U 26003DN  26093.00000000  .00000000  00000-0  00000-0 0  9993
2 93118  86.5000  18.0000 0000000   0.0000 334.0000 13.22550000  1180
GW2_3_39
1 93119U 26003DO  26093.00000000  .00000000  00000-0  00000-0 0  9994
2 93119  86.5000  18.0000 0000000   0.0000 343.0000 13.22550000  1192
GW2_3_40
1 93120U 26003DP  26093.00000000  .00000000  00000-0  00000-0 0  9996
2 93120  86.5000  18.0000 0000000   0.0000 352.0000 13.22550000  1206
GW2_4_1
1 93121U 26003DQ  26093.00000000  .00000000  00000-0  00000-0 0  9997
2 93121  86.5000  27.0000 0000000   0.0000   1.5000 13.22550000  1214
GW2_4_2
1 93122U 26003DR  26093.00000000  .00000000  00000-0  00000-0 0  9998
2 93122  86.5000  27.0000 0000000   0.0000  10.5000 13.22550000  1226
GW2_4_3
1 93123U 26003DS  26093.00000000  .00000000  00000-0  00000-0 0  9999
2 93123  86.5000  27.0000 0000000   0.0000  19.5000 13.22550000  1237
GW2_4_4
1 93124U 26003DT  26093.00000000  .00000000  00000-0  00000-0 0  9990
2 93124  86.5000  27.0000 0000000   0.0000  28.5000 13.22550000  1249
GW2_4_5
1 93125U 26003DU  26093.00000000  .00000000  00000-0  00000-0 0  9991
2 93125  86.5000  27.0000 0000000   0.0000  37.5000 13.22550000  1251
GW2_4_6
1 93126U 26003DV  26093.00000000  .00000000  00000-0  00000-0 0  9992
2 93126  86.5000  27.0000 0000000   0.0000  46.5000 13.22550000  1263
GW2_4_7
1 93127U 26003DW  26093.00000000  .00000000  00000-0  00000-0 0  9993
2 93127  86.5000  27.0000 0000000   0.0000  55.5000 13.22550000  1275
GW2_4_8
1 93128U 26003DX  26093.00000000  .00000000  00000-0  00000-0 0  9994
2 93128  86.5000  27.0000 0000000   0.0000  64.5000 13.22550000  1287
GW2_4_9
1 93129U 26003DY  26093.00000000  .00000000  00000-0  00000-0 0  9995
2 93129  86.5000  27.0000 0000000   0.0000  73.5000 13.22550000  1299
GW2_4_10
1 93130U 26003DZ  26093.00000000  .00000000  00000-0  00000-0 0  9997
2 93130  86.5000  27.0000 0000000   0.0000  82.5000 13.22550000  1303
GW2_4_11
1 93131U 26003EA  26093.00000000  .00000000  00000-0  00000-0 0  9998
2 93131  86.5000  27.0000 0000000   0.0000  91.5000 13.22550000  1315
GW2_4_12
1 93132U 26003EB  26093.00000000  .00000000  00000-0  00000-0 0  9999
2 93132  86.5000  27.0000 0000000   0.0000 100.5000 13.22550000  1328
GW2_4_13
1 93133U 26003EC  26093.00000000  .00000000  00000-0  00000-0 0  9990
2 93133  86.5000  27.0000 0000000   0.0000 109.5000 13.22550000  1339
GW2_4_14
1 93134U 26003ED  26093.00000000  .00000000  00000-0  00000-0 0  9991
2 93134  86.5000  27.0000 0000000   0.0000 118.5000 13.22550000  1341
GW2_4_15
1 93135U 26003EE  26093.00000000  .00000000  00000-0  00000-0 0  9992
2 93135  86.5000  27.0000 0000000   0.0000 127.5000 13.22550000  1353
GW2_4_16
1 93136U 26003EF  26093.00000000  .00000000  00000-0  00000-0 0  9993
2 93136  86.5000  27.0000 0000000   0.0000 136.5000 13.22550000  1365
GW2_4_17
1 93137U 26003EG  26093.00000000  .00000000  00000-0  00000-0 0  9994
2 93137  86.5000  27.0000 0000000   0.0000 145.5000 13.22550000  1377
GW2_4_18
1 93138U 26003EH  26093.00000000  .00000000  00000-0  00000-0 0  9995
2 93138  86.5000  27.0000 0000000   0.0000 154.5000 13.22550000  1389
GW2_4_19
1 93139U 26003EI  26093.00000000  .00000000  00000-0  00000-0 0  9996
2 93139  86.5000  27.0000 0000000   0.0000 163.5000 13.22550000  1391
GW2_4_20
1 93140U 26003EJ  26093.00000000  .00000000  00000-0  00000-0 0  9998
2 93140  86.5000  27.0000 0000000   0.0000 172.5000 13.22550000  1405
GW2_4_21
1 93141U 26003EK  26093.00000000  .00000000  00000-0  00000-0 0  9999
2 93141  86.5000  27.0000 0000000   0.0000 181.5000 13.22550000  1417
GW2_4_22
1 93142U 26003EL  26093.00000000  .00000000  00000-0  00000-0 0  9990
2 93142  86.5000  27.0000 0000000   0.0000 190.5000 13.22550000  1429
GW2_4_23
1 93143U 26003EM  26093.00000000  .00000000  00000-0  00000-0 0  9991
2 93143  86.5000  27.0000 0000000   0.0000 199.5000 13.22550000  1430
GW2_4_24
1 93144U 26003EN  26093.00000000  .00000000  00000-0  00000-0 0  9992
2 93144  86.5000  27.0000 0000000   0.0000 208.5000 13.22550000  1443
GW2_4_25
1 93145U 26003EO  26093.00000000  .00000000  00000-0  00000-0 0  9993
2 93145  86.5000  27.0000 0000000   0.0000 217.5000 13.22550000  1455
GW2_4_26
1 93146U 26003EP  26093.00000000  .00000000  00000-0  00000-0 0  9994
2 93146  86.5000  27.0000 0000000   0.0000 226.5000 13.22550000  1467
GW2_4_27
1 93147U 26003EQ  26093.00000000  .00000000  00000-0  00000-0 0  9995
2 93147  86.5000  27.0000 0000000   0.0000 235.5000 13.22550000  1479
GW2_4_28
1 93148U 26003ER  26093.00000000  .00000000  00000-0  00000-0 0  9996
2 93148  86.5000  27.0000 0000000   0.0000 244.5000 13.22550000  1481
GW2_4_29
1 93149U 26003ES  26093.00000000  .00000000  00000-0  00000-0 0  9997
2 93149  86.5000  27.0000 0000000   0.0000 253.5000 13.22550000  1493
GW2_4_30
1 93150U 26003ET  26093.00000000  .00000000  00000-0  00000-0 0  9999
2 93150  86.5000  27.0000 0000000   0.0000 262.5000 13.22550000  1507
GW2_4_31
1 93151U 26003EU  26093.00000000  .00000000  00000-0  00000-0 0  9990
2 93151  86.5000  27.0000 0000000   0.0000 271.5000 13.22550000  1519
GW2_4_32
1 93152U 26003EV  26093.00000000  .00000000  00000-0  00000-0 0  9991
2 93152  86.5000  27.0000 0000000   0.0000 280.5000 13.22550000  1521
GW2_4_33
1 93153U 26003EW  26093.00000000  .00000000  00000-0  00000-0 0  9992
2 93153  86.5000  27.0000 0000000   0.0000 289.5000 13.22550000  1532
GW2_4_34
1 93154U 26003EX  26093.00000000  .00000000  00000-0  00000-0 0  9993
2 93154  86.5000  27.0000 0000000   0.0000 298.5000 13.22550000  1544
GW2_4_35
1 93155U 26003EY  26093.00000000  .00000000  00000-0  00000-0 0  9994
2 93155  86.5000  27.0000 0000000   0.0000 307.5000 13.22550000  1557
GW2_4_36
1 93156U 26003EZ  26093.00000000  .00000000  00000-0  00000-0 0  9995
2 93156  86.5000  27.0000 0000000   0.0000 316.5000 13.22550000  1569
GW2_4_37
1 93157U 26003FA  26093.00000000  .00000000  00000-0  00000-0 0  9996
2 93157  86.5000  27.0000 0000000   0.0000 325.5000 13.22550000  1571
GW2_4_38
1 93158U 26003FB  26093.00000000  .00000000  00000-0  00000-0 0  9997
2 93158  86.5000  27.0000 0000000   0.0000 334.5000 13.22550000  1583
GW2_4_39
1 93159U 26003FC  26093.00000000  .00000000  00000-0  00000-0 0  9998
2 93159  86.5000  27.0000 0000000   0.0000 343.5000 13.22550000  1595
GW2_4_40
1 93160U 26003FD  26093.00000000  .00000000  00000-0  00000-0 0  9990
2 93160  86.5000  27.0000 0000000   0.0000 352.5000 13.22550000  1609
GW2_5_1
1 93161U 26003FE  26093.00000000  .00000000  00000-0  00000-0 0  9991
2 93161  86.5000  36.0000 0000000   0.0000   2.0000 13.22550000  1618
GW2_5_2
1 93162U 26003FF  26093.00000000  .00000000  00000-0  00000-0 0  9992
2 93162  86.5000  36.0000 0000000   0.0000  11.0000 13.22550000  1620
GW2_5_3
1 93163U 26003FG  26093.00000000  .00000000  00000-0  00000-0 0  9993
2 93163  86.5000  36.0000 0000000   0.0000  20.0000 13.22550000  1632
GW2_5_4
1 93164U 26003FH  26093.00000000  .00000000  00000-0  00000-0 0  9994
2 93164  86.5000  36.0000 0000000   0.0000  29.0000 13.22550000  1643
GW2_5_5
1 93165U 26003FI  26093.00000000  .00000000  00000-0  00000-0 0  9995
2 93165  86.5000  36.0000 0000000   0.0000  38.0000 13.22550000  1655
GW2_5_6
1 93166U 26003FJ  26093.00000000  .00000000  00000-0  00000-0 0  9996
2 93166  86.5000  36.0000 0000000   0.0000  47.0000 13.22550000  1667
GW2_5_7
1 93167U 26003FK  26093.00000000  .00000000  00000-0  00000-0 0  9997
2 93167  86.5000  36.0000 0000000   0.0000  56.0000 13.22550000  1679
GW2_5_8
1 93168U 26003FL  26093.00000000  .00000000  00000-0  00000-0 0  9998
2 93168  86.5000  36.0000 0000000   0.0000  65.0000 13.22550000  1681
GW2_5_9
1 93169U 26003FM  26093.00000000  .00000000  00000-0  00000-0 0  9999
2 93169  86.5000  36.0000 0000000   0.0000  74.0000 13.22550000  1693
GW2_5_10
1 93170U 26003FN  26093.00000000  .00000000  00000-0  00000-0 0  9991
2 93170  86.5000  36.0000 0000000   0.0000  83.0000 13.22550000  1707
GW2_5_11
1 93171U 26003FO  26093.00000000  .00000000  00000-0  00000-0 0  9992
2 93171  86.5000  36.0000 0000000   0.0000  92.0000 13.22550000  1719
GW2_5_12
1 93172U 26003FP  26093.00000000  .00000000  00000-0  00000-0 0  9993
2 93172  86.5000  36.0000 0000000   0.0000 101.0000 13.22550000  1722
GW2_5_13
1 93173U 26003FQ  26093.00000000  .00000000  00000-0  00000-0 0  9994
2 93173  86.5000  36.0000 0000000   0.0000 110.0000 13.22550000  1734
GW2_5_14
1 93174U 26003FR  26093.00000000  .00000000  00000-0  00000-0 0  9995
2 93174  86.5000  36.0000 0000000   0.0000 119.0000 13.22550000  1745
GW2_5_15
1 93175U 26003FS  26093.00000000  .00000000  00000-0  00000-0 0  9996
2 93175  86.5000  36.0000 0000000   0.0000 128.0000 13.22550000  1757
GW2_5_16
1 93176U 26003FT  26093.00000000  .00000000  00000-0  00000-0 0  9997
2 93176  86.5000  36.0000 0000000   0.0000 137.0000 13.22550000  1769
GW2_5_17
1 93177U 26003FU  26093.00000000  .00000000  00000-0  00000-0 0  9998
2 93177  86.5000  36.0000 0000000   0.0000 146.0000 13.22550000  1771
GW2_5_18
1 93178U 26003FV  26093.00000000  .00000000  00000-0  00000-0 0  9999
2 93178  86.5000  36.0000 0000000   0.0000 155.0000 13.22550000  1783
GW2_5_19
1 93179U 26003FW  26093.00000000  .00000000  00000-0  00000-0 0  9990
2 93179  86.5000  36.0000 0000000   0.0000 164.0000 13.22550000  1795
GW2_5_20
1 93180U 26003FX  26093.00000000  .00000000  00000-0  00000-0 0  9992
2 93180  86.5000  36.0000 0000000   0.0000 173.0000 13.22550000  1809
GW2_5_21
1 93181U 26003FY  26093.00000000  .00000000  00000-0  00000-0 0  9993
2 93181  86.5000  36.0000 0000000   0.0000 182.0000 13.22550000  1811
GW2_5_22
1 93182U 26003FZ  26093.00000000  .00000000  00000-0  00000-0 0  9994
2 93182  86.5000  36.0000 0000000   0.0000 191.0000 13.22550000  1823
GW2_5_23
1 93183U 26003GA  26093.00000000  .00000000  00000-0  00000-0 0  9995
2 93183  86.5000  36.0000 0000000   0.0000 200.0000 13.22550000  1836
GW2_5_24
1 93184U 26003GB  26093.00000000  .00000000  00000-0  00000-0 0  9996
2 93184  86.5000  36.0000 0000000   0.0000 209.0000 13.22550000  1847
GW2_5_25
1 93185U 26003GC  26093.00000000  .00000000  00000-0  00000-0 0  9997
2 93185  86.5000  36.0000 0000000   0.0000 218.0000 13.22550000  1859
GW2_5_26
1 93186U 26003GD  26093.00000000  .00000000  00000-0  00000-0 0  9998
2 93186  86.5000  36.0000 0000000   0.0000 227.0000 13.22550000  1861
GW2_5_27
1 93187U 26003GE  26093.00000000  .00000000  00000-0  00000-0 0  9999
2 93187  86.5000  36.0000 0000000   0.0000 236.0000 13.22550000  1873
GW2_5_28
1 93188U 26003GF  26093.00000000  .00000000  00000-0  00000-0 0  9990
2 93188  86.5000  36.0000 0000000   0.0000 245.0000 13.22550000  1885
GW2_5_29
1 93189U 26003GG  26093.00000000  .00000000  00000-0  00000-0 0  9991
2 93189  86.5000  36.0000 0000000   0.0000 254.0000 13.22550000  1897
GW2_5_30
1 93190U 26003GH  26093.00000000  .00000000  00000-0  00000-0 0  9993
2 93190  86.5000  36.0000 0000000   0.0000 263.0000 13.22550000  1901
GW2_5_31
1 93191U 26003GI  26093.00000000  .00000000  00000-0  00000-0 0  9994
2 93191  86.5000  36.0000 0000000   0.0000 272.0000 13.22550000  1913
GW2_5_32
1 93192U 26003GJ  26093.00000000  .00000000  00000-0  00000-0 0  9995
2 93192  86.5000  36.0000 0000000   0.0000 281.0000 13.22550000  1925
GW2_5_33
1 93193U 26003GK  26093.00000000  .00000000  00000-0  00000-0 0  9996
2 93193  86.5000  36.0000 0000000   0.0000 290.0000 13.22550000  1937
GW2_5_34
1 93194U 26003GL  26093.00000000  .00000000  00000-0  00000-0 0  9997
2 93194  86.5000  36.0000 0000000   0.0000 299.0000 13.22550000  1948
GW2_5_35
1 93195U 26003GM  26093.00000000  .00000000  00000-0  00000-0 0  9998
2 93195  86.5000  36.0000 0000000   0.0000 308.0000 13.22550000  1951
GW2_5_36
1 93196U 26003GN  26093.00000000  .00000000  00000-0  00000-0 0  9999
2 93196  86.5000  36.0000 0000000   0.0000 317.0000 13.22550000  1963
GW2_5_37
1 93197U 26003GO  26093.00000000  .00000000  00000-0  00000-0 0  9990
2 93197  86.5000  36.0000 0000000   0.0000 326.0000 13.22550000  1975
GW2_5_38
1 93198U 26003GP  26093.00000000  .00000000  00000-0  00000-0 0  9991
2 93198  86.5000  36.0000 0000000   0.0000 335.0000 13.22550000  1987
GW2_5_39
1 93199U 26003GQ  26093.00000000  .00000000  00000-0  00000-0 0  9992
2 93199  86.5000  36.0000 0000000   0.0000 344.0000 13.22550000  1999
GW2_5_40
1 93200U 26003GR  26093.00000000  .00000000  00000-0  00000-0 0  9995
2 93200  86.5000  36.0000 0000000   0.0000 353.0000 13.22550000  2005
GW2_6_1
1 93201U 26003GS  26093.00000000  .00000000  00000-0  00000-0 0  9996
2 93201  86.5000  45.0000 0000000   0.0000   2.5000 13.22550000  2013
GW2_6_2
1 93202U 26003GT  26093.00000000  .00000000  00000-0  00000-0 0  9997
2 93202  86.5000  45.0000 0000000   0.0000  11.5000 13.22550000  2025
GW2_6_3
1 93203U 26003GU  26093.00000000  .00000000  00000-0  00000-0 0  9998
2 93203  86.5000  45.0000 0000000   0.0000  20.5000 13.22550000  2037
GW2_6_4
1 93204U 26003GV  26093.00000000  .00000000  00000-0  00000-0 0  9999
2 93204  86.5000  45.0000 0000000   0.0000  29.5000 13.22550000  2048
GW2_6_5
1 93205U 26003GW  26093.00000000  .00000000  00000-0  00000-0 0  9990
2 93205  86.5000  45.0000 0000000   0.0000  38.5000 13.22550000  2050
GW2_6_6
1 93206U 26003GX  26093.00000000  .00000000  00000-0  00000-0 0  9991
2 93206  86.5000  45.0000 0000000   0.0000  47.5000 13.22550000  2062
GW2_6_7
1 93207U 26003GY  26093.00000000  .00000000  00000-0  00000-0 0  9992
2 93207  86.5000  45.0000 0000000   0.0000  56.5000 13.22550000  2074
GW2_6_8
1 93208U 26003GZ  26093.00000000  .00000000  00000-0  00000-0 0  9993
2 93208  86.5000  45.0000 0000000   0.0000  65.5000 13.22550000  2086
GW2_6_9
1 93209U 26003HA  26093.00000000  .00000000  00000-0  00000-0 0  9994
2 93209  86.5000  45.0000 0000000   0.0000  74.5000 13.22550000  2098
GW2_6_10
1 93210U 26003HB  26093.00000000  .00000000  00000-0  00000-0 0  9996
2 93210  86.5000  45.0000 0000000   0.0000  83.5000 13.22550000  2102
GW2_6_11
1 93211U 26003HC  26093.00000000  .00000000  00000-0  00000-0 0  9997
2 93211  86.5000  45.0000 0000000   0.0000  92.5000 13.22550000  2114
GW2_6_12
1 93212U 26003HD  26093.00000000  .00000000  00000-0  00000-0 0  9998
2 93212  86.5000  45.0000 0000000   0.0000 101.5000 13.22550000  2127
GW2_6_13
1 93213U 26003HE  26093.00000000  .00000000  00000-0  00000-0 0  9999
2 93213  86.5000  45.0000 0000000   0.0000 110.5000 13.22550000  2139
GW2_6_14
1 93214U 26003HF  26093.00000000  .00000000  00000-0  00000-0 0  9990
2 93214  86.5000  45.0000 0000000   0.0000 119.5000 13.22550000  2140
GW2_6_15
1 93215U 26003HG  26093.00000000  .00000000  00000-0  00000-0 0  9991
2 93215  86.5000  45.0000 0000000   0.0000 128.5000 13.22550000  2152
GW2_6_16
1 93216U 26003HH  26093.00000000  .00000000  00000-0  00000-0 0  9992
2 93216  86.5000  45.0000 0000000   0.0000 137.5000 13.22550000  2164
GW2_6_17
1 93217U 26003HI  26093.00000000  .00000000  00000-0  00000-0 0  9993
2 93217  86.5000  45.0000 0000000   0.0000 146.5000 13.22550000  2176
GW2_6_18
1 93218U 26003HJ  26093.00000000  .00000000  00000-0  00000-0 0  9994
2 93218  86.5000  45.0000 0000000   0.0000 155.5000 13.22550000  2188
GW2_6_19
1 93219U 26003HK  26093.00000000  .00000000  00000-0  00000-0 0  9995
2 93219  86.5000  45.0000 0000000   0.0000 164.5000 13.22550000  2190
GW2_6_20
1 93220U 26003HL  26093.00000000  .00000000  00000-0  00000-0 0  9997
2 93220  86.5000  45.0000 0000000   0.0000 173.5000 13.22550000  2204
GW2_6_21
1 93221U 26003HM  26093.00000000  .00000000  00000-0  00000-0 0  9998
2 93221  86.5000  45.0000 0000000   0.0000 182.5000 13.22550000  2216
GW2_6_22
1 93222U 26003HN  26093.00000000  .00000000  00000-0  00000-0 0  9999
2 93222  86.5000  45.0000 0000000   0.0000 191.5000 13.22550000  2228
GW2_6_23
1 93223U 26003HO  26093.00000000  .00000000  00000-0  00000-0 0  9990
2 93223  86.5000  45.0000 0000000   0.0000 200.5000 13.22550000  2231
GW2_6_24
1 93224U 26003HP  26093.00000000  .00000000  00000-0  00000-0 0  9991
2 93224  86.5000  45.0000 0000000   0.0000 209.5000 13.22550000  2242
GW2_6_25
1 93225U 26003HQ  26093.00000000  .00000000  00000-0  00000-0 0  9992
2 93225  86.5000  45.0000 0000000   0.0000 218.5000 13.22550000  2254
GW2_6_26
1 93226U 26003HR  26093.00000000  .00000000  00000-0  00000-0 0  9993
2 93226  86.5000  45.0000 0000000   0.0000 227.5000 13.22550000  2266
GW2_6_27
1 93227U 26003HS  26093.00000000  .00000000  00000-0  00000-0 0  9994
2 93227  86.5000  45.0000 0000000   0.0000 236.5000 13.22550000  2278
GW2_6_28
1 93228U 26003HT  26093.00000000  .00000000  00000-0  00000-0 0  9995
2 93228  86.5000  45.0000 0000000   0.0000 245.5000 13.22550000  2280
GW2_6_29
1 93229U 26003HU  26093.00000000  .00000000  00000-0  00000-0 0  9996
2 93229  86.5000  45.0000 0000000   0.0000 254.5000 13.22550000  2292
GW2_6_30
1 93230U 26003HV  26093.00000000  .00000000  00000-0  00000-0 0  9998
2 93230  86.5000  45.0000 0000000   0.0000 263.5000 13.22550000  2306
GW2_6_31
1 93231U 26003HW  26093.00000000  .00000000  00000-0  00000-0 0  9999
2 93231  86.5000  45.0000 0000000   0.0000 272.5000 13.22550000  2318
GW2_6_32
1 93232U 26003HX  26093.00000000  .00000000  00000-0  00000-0 0  9990
2 93232  86.5000  45.0000 0000000   0.0000 281.5000 13.22550000  2320
GW2_6_33
1 93233U 26003HY  26093.00000000  .00000000  00000-0  00000-0 0  9991
2 93233  86.5000  45.0000 0000000   0.0000 290.5000 13.22550000  2332
GW2_6_34
1 93234U 26003HZ  26093.00000000  .00000000  00000-0  00000-0 0  9992
2 93234  86.5000  45.0000 0000000   0.0000 299.5000 13.22550000  2343
GW2_6_35
1 93235U 26003IA  26093.00000000  .00000000  00000-0  00000-0 0  9993
2 93235  86.5000  45.0000 0000000   0.0000 308.5000 13.22550000  2356
GW2_6_36
1 93236U 26003IB  26093.00000000  .00000000  00000-0  00000-0 0  9994
2 93236  86.5000  45.0000 0000000   0.0000 317.5000 13.22550000  2368
GW2_6_37
1 93237U 26003IC  26093.00000000  .00000000  00000-0  00000-0 0  9995
2 93237  86.5000  45.0000 0000000   0.0000 326.5000 13.22550000  2370
GW2_6_38
1 93238U 26003ID  26093.00000000  .00000000  00000-0  00000-0 0  9996
2 93238  86.5000  45.0000 0000000   0.0000 335.5000 13.22550000  2382
GW2_6_39
1 93239U 26003IE  26093.00000000  .00000000  00000-0  00000-0 0  9997
2 93239  86.5000  45.0000 0000000   0.0000 344.5000 13.22550000  2394
GW2_6_40
1 93240U 26003IF  26093.00000000  .00000000  00000-0  00000-0 0  9999
2 93240  86.5000  45.0000 0000000   0.0000 353.5000 13.22550000  2408
GW2_7_1
1 93241U 26003IG  26093.00000000  .00000000  00000-0  00000-0 0  9990
2 93241  86.5000  54.0000 0000000   0.0000   3.0000 13.22550000  2417
GW2_7_2
1 93242U 26003IH  26093.00000000  .00000000  00000-0  00000-0 0  9991
2 93242  86.5000  54.0000 0000000   0.0000  12.0000 13.22550000  2429
GW2_7_3
1 93243U 26003II  26093.00000000  .00000000  00000-0  00000-0 0  9992
2 93243  86.5000  54.0000 0000000   0.0000  21.0000 13.22550000  2431
GW2_7_4
1 93244U 26003IJ  26093.00000000  .00000000  00000-0  00000-0 0  9993
2 93244  86.5000  54.0000 0000000   0.0000  30.0000 13.22550000  2443
GW2_7_5
1 93245U 26003IK  26093.00000000  .00000000  00000-0  00000-0 0  9994
2 93245  86.5000  54.0000 0000000   0.0000  39.0000 13.22550000  2454
GW2_7_6
1 93246U 26003IL  26093.00000000  .00000000  00000-0  00000-0 0  9995
2 93246  86.5000  54.0000 0000000   0.0000  48.0000 13.22550000  2466
GW2_7_7
1 93247U 26003IM  26093.00000000  .00000000  00000-0  00000-0 0  9996
2 93247  86.5000  54.0000 0000000   0.0000  57.0000 13.22550000  2478
GW2_7_8
1 93248U 26003IN  26093.00000000  .00000000  00000-0  00000-0 0  9997
2 93248  86.5000  54.0000 0000000   0.0000  66.0000 13.22550000  2480
GW2_7_9
1 93249U 26003IO  26093.00000000  .00000000  00000-0  00000-0 0  9998
2 93249  86.5000  54.0000 0000000   0.0000  75.0000 13.22550000  2492
GW2_7_10
1 93250U 26003IP  26093.00000000  .00000000  00000-0  00000-0 0  9990
2 93250  86.5000  54.0000 0000000   0.0000  84.0000 13.22550000  2506
GW2_7_11
1 93251U 26003IQ  26093.00000000  .00000000  00000-0  00000-0 0  9991
2 93251  86.5000  54.0000 0000000   0.0000  93.0000 13.22550000  2518
GW2_7_12
1 93252U 26003IR  26093.00000000  .00000000  00000-0  00000-0 0  9992
2 93252  86.5000  54.0000 0000000   0.0000 102.0000 13.22550000  2521
GW2_7_13
1 93253U 26003IS  26093.00000000  .00000000  00000-0  00000-0 0  9993
2 93253  86.5000  54.0000 0000000   0.0000 111.0000 13.22550000  2533
GW2_7_14
1 93254U 26003IT  26093.00000000  .00000000  00000-0  00000-0 0  9994
2 93254  86.5000  54.0000 0000000   0.0000 120.0000 13.22550000  2545
GW2_7_15
1 93255U 26003IU  26093.00000000  .00000000  00000-0  00000-0 0  9995
2 93255  86.5000  54.0000 0000000   0.0000 129.0000 13.22550000  2556
GW2_7_16
1 93256U 26003IV  26093.00000000  .00000000  00000-0  00000-0 0  9996
2 93256  86.5000  54.0000 0000000   0.0000 138.0000 13.22550000  2568
GW2_7_17
1 93257U 26003IW  26093.00000000  .00000000  00000-0  00000-0 0  9997
2 93257  86.5000  54.0000 0000000   0.0000 147.0000 13.22550000  2570
GW2_7_18
1 93258U 26003IX  26093.00000000  .00000000  00000-0  00000-0 0  9998
2 93258  86.5000  54.0000 0000000   0.0000 156.0000 13.22550000  2582
GW2_7_19
1 93259U 26003IY  26093.00000000  .00000000  00000-0  00000-0 0  9999
2 93259  86.5000  54.0000 0000000   0.0000 165.0000 13.22550000  2594
GW2_7_20
1 93260U 26003IZ  26093.00000000  .00000000  00000-0  00000-0 0  9991
2 93260  86.5000  54.0000 0000000   0.0000 174.0000 13.22550000  2608
GW2_7_21
1 93261U 26003JA  26093.00000000  .00000000  00000-0  00000-0 0  9992
2 93261  86.5000  54.0000 0000000   0.0000 183.0000 13.22550000  2610
GW2_7_22
1 93262U 26003JB  26093.00000000  .00000000  00000-0  00000-0 0  9993
2 93262  86.5000  54.0000 0000000   0.0000 192.0000 13.22550000  2622
GW2_7_23
1 93263U 26003JC  26093.00000000  .00000000  00000-0  00000-0 0  9994
2 93263  86.5000  54.0000 0000000   0.0000 201.0000 13.22550000  2635
GW2_7_24
1 93264U 26003JD  26093.00000000  .00000000  00000-0  00000-0 0  9995
2 93264  86.5000  54.0000 0000000   0.0000 210.0000 13.22550000  2647
GW2_7_25
1 93265U 26003JE  26093.00000000  .00000000  00000-0  00000-0 0  9996
2 93265  86.5000  54.0000 0000000   0.0000 219.0000 13.22550000  2658
GW2_7_26
1 93266U 26003JF  26093.00000000  .00000000  00000-0  00000-0 0  9997
2 93266  86.5000  54.0000 0000000   0.0000 228.0000 13.22550000  2660
GW2_7_27
1 93267U 26003JG  26093.00000000  .00000000  00000-0  00000-0 0  9998
2 93267  86.5000  54.0000 0000000   0.0000 237.0000 13.22550000  2672
GW2_7_28
1 93268U 26003JH  26093.00000000  .00000000  00000-0  00000-0 0  9999
2 93268  86.5000  54.0000 0000000   0.0000 246.0000 13.22550000  2684
GW2_7_29
1 93269U 26003JI  26093.00000000  .00000000  00000-0  00000-0 0  9990
2 93269  86.5000  54.0000 0000000   0.0000 255.0000 13.22550000  2696
GW2_7_30
1 93270U 26003JJ  26093.00000000  .00000000  00000-0  00000-0 0  9992
2 93270  86.5000  54.0000 0000000   0.0000 264.0000 13.22550000  2700
GW2_7_31
1 93271U 26003JK  26093.00000000  .00000000  00000-0  00000-0 0  9993
2 93271  86.5000  54.0000 0000000   0.0000 273.0000 13.22550000  2712
GW2_7_32
1 93272U 26003JL  26093.00000000  .00000000  00000-0  00000-0 0  9994
2 93272  86.5000  54.0000 0000000   0.0000 282.0000 13.22550000  2724
GW2_7_33
1 93273U 26003JM  26093.00000000  .00000000  00000-0  00000-0 0  9995
2 93273  86.5000  54.0000 0000000   0.0000 291.0000 13.22550000  2736
GW2_7_34
1 93274U 26003JN  26093.00000000  .00000000  00000-0  00000-0 0  9996
2 93274  86.5000  54.0000 0000000   0.0000 300.0000 13.22550000  2749
GW2_7_35
1 93275U 26003JO  26093.00000000  .00000000  00000-0  00000-0 0  9997
2 93275  86.5000  54.0000 0000000   0.0000 309.0000 13.22550000  2750
GW2_7_36
1 93276U 26003JP  26093.00000000  .00000000  00000-0  00000-0 0  9998
2 93276  86.5000  54.0000 0000000   0.0000 318.0000 13.22550000  2762
GW2_7_37
1 93277U 26003JQ  26093.00000000  .00000000  00000-0  00000-0 0  9999
2 93277  86.5000  54.0000 0000000   0.0000 327.0000 13.22550000  2774
GW2_7_38
1 93278U 26003JR  26093.00000000  .00000000  00000-0  00000-0 0  9990
2 93278  86.5000  54.0000 0000000   0.0000 336.0000 13.22550000  2786
GW2_7_39
1 93279U 26003JS  26093.00000000  .00000000  00000-0  00000-0 0  9991
2 93279  86.5000  54.0000 0000000   0.0000 345.0000 13.22550000  2798
GW2_7_40
1 93280U 26003JT  26093.00000000  .00000000  00000-0  00000-0 0  9993
2 93280  86.5000  54.0000 0000000   0.0000 354.0000 13.22550000  2802
GW2_8_1
1 93281U 26003JU  26093.00000000  .00000000  00000-0  00000-0 0  9994
2 93281  86.5000  63.0000 0000000   0.0000   3.5000 13.22550000  2810
GW2_8_2
1 93282U 26003JV  26093.00000000  .00000000  00000-0  00000-0 0  9995
2 93282  86.5000  63.0000 0000000   0.0000  12.5000 13.22550000  2822
GW2_8_3
1 93283U 26003JW  26093.00000000  .00000000  00000-0  00000-0 0  9996
2 93283  86.5000  63.0000 0000000   0.0000  21.5000 13.22550000  2834
GW2_8_4
1 93284U 26003JX  26093.00000000  .00000000  00000-0  00000-0 0  9997
2 93284  86.5000  63.0000 0000000   0.0000  30.5000 13.22550000  2846
GW2_8_5
1 93285U 26003JY  26093.00000000  .00000000  00000-0  00000-0 0  9998
2 93285  86.5000  63.0000 0000000   0.0000  39.5000 13.22550000  2857
GW2_8_6
1 93286U 26003JZ  26093.00000000  .00000000  00000-0  00000-0 0  9999
2 93286  86.5000  63.0000 0000000   0.0000  48.5000 13.22550000  2869
GW2_8_7
1 93287U 26003KA  26093.00000000  .00000000  00000-0  00000-0 0  9990
2 93287  86.5000  63.0000 0000000   0.0000  57.5000 13.22550000  2871
GW2_8_8
1 93288U 26003KB  26093.00000000  .00000000  00000-0  00000-0 0  9991
2 93288  86.5000  63.0000 0000000   0.0000  66.5000 13.22550000  2883
GW2_8_9
1 93289U 26003KC  26093.00000000  .00000000  00000-0  00000-0 0  9992
2 93289  86.5000  63.0000 0000000   0.0000  75.5000 13.22550000  2895
GW2_8_10
1 93290U 26003KD  26093.00000000  .00000000  00000-0  00000-0 0  9994
2 93290  86.5000  63.0000 0000000   0.0000  84.5000 13.22550000  2909
GW2_8_11
1 93291U 26003KE  26093.00000000  .00000000  00000-0  00000-0 0  9995
2 93291  86.5000  63.0000 0000000   0.0000  93.5000 13.22550000  2911
GW2_8_12
1 93292U 26003KF  26093.00000000  .00000000  00000-0  00000-0 0  9996
2 93292  86.5000  63.0000 0000000   0.0000 102.5000 13.22550000  2924
GW2_8_13
1 93293U 26003KG  26093.00000000  .00000000  00000-0  00000-0 0  9997
2 93293  86.5000  63.0000 0000000   0.0000 111.5000 13.22550000  2936
GW2_8_14
1 93294U 26003KH  26093.00000000  .00000000  00000-0  00000-0 0  9998
2 93294  86.5000  63.0000 0000000   0.0000 120.5000 13.22550000  2948
GW2_8_15
1 93295U 26003KI  26093.00000000  .00000000  00000-0  00000-0 0  9999
2 93295  86.5000  63.0000 0000000   0.0000 129.5000 13.22550000  2959
GW2_8_16
1 93296U 26003KJ  26093.00000000  .00000000  00000-0  00000-0 0  9990
2 93296  86.5000  63.0000 0000000   0.0000 138.5000 13.22550000  2961
GW2_8_17
1 93297U 26003KK  26093.00000000  .00000000  00000-0  00000-0 0  9991
2 93297  86.5000  63.0000 0000000   0.0000 147.5000 13.22550000  2973
GW2_8_18
1 93298U 26003KL  26093.00000000  .00000000  00000-0  00000-0 0  9992
2 93298  86.5000  63.0000 0000000   0.0000 156.5000 13.22550000  2985
GW2_8_19
1 93299U 26003KM  26093.00000000  .00000000  00000-0  00000-0 0  9993
2 93299  86.5000  63.0000 0000000   0.0000 165.5000 13.22550000  2997
GW2_8_20
1 93300U 26003KN  26093.00000000  .00000000  00000-0  00000-0 0  9996
2 93300  86.5000  63.0000 0000000   0.0000 174.5000 13.22550000  3003
GW2_8_21
1 93301U 26003KO  26093.00000000  .00000000  00000-0  00000-0 0  9997
2 93301  86.5000  63.0000 0000000   0.0000 183.5000 13.22550000  3015
GW2_8_22
1 93302U 26003KP  26093.00000000  .00000000  00000-0  00000-0 0  9998
2 93302  86.5000  63.0000 0000000   0.0000 192.5000 13.22550000  3027
GW2_8_23
1 93303U 26003KQ  26093.00000000  .00000000  00000-0  00000-0 0  9999
2 93303  86.5000  63.0000 0000000   0.0000 201.5000 13.22550000  3030
GW2_8_24
1 93304U 26003KR  26093.00000000  .00000000  00000-0  00000-0 0  9990
2 93304  86.5000  63.0000 0000000   0.0000 210.5000 13.22550000  3042
GW2_8_25
1 93305U 26003KS  26093.00000000  .00000000  00000-0  00000-0 0  9991
2 93305  86.5000  63.0000 0000000   0.0000 219.5000 13.22550000  3053
GW2_8_26
1 93306U 26003KT  26093.00000000  .00000000  00000-0  00000-0 0  9992
2 93306  86.5000  63.0000 0000000   0.0000 228.5000 13.22550000  3065
GW2_8_27
1 93307U 26003KU  26093.00000000  .00000000  00000-0  00000-0 0  9993
2 93307  86.5000  63.0000 0000000   0.0000 237.5000 13.22550000  3077
GW2_8_28
1 93308U 26003KV  26093.00000000  .00000000  00000-0  00000-0 0  9994
2 93308  86.5000  63.0000 0000000   0.0000 246.5000 13.22550000  3089
GW2_8_29
1 93309U 26003KW  26093.00000000  .00000000  00000-0  00000-0 0  9995
2 93309  86.5000  63.0000 0000000   0.0000 255.5000 13.22550000  3091
GW2_8_30
1 93310U 26003KX  26093.00000000  .00000000  00000-0  00000-0 0  9997
2 93310  86.5000  63.0000 0000000   0.0000 264.5000 13.22550000  3105
GW2_8_31
1 93311U 26003KY  26093.00000000  .00000000  00000-0  00000-0 0  9998
2 93311  86.5000  63.0000 0000000   0.0000 273.5000 13.22550000  3117
GW2_8_32
1 93312U 26003KZ  26093.00000000  .00000000  00000-0  00000-0 0  9999
2 93312  86.5000  63.0000 0000000   0.0000 282.5000 13.22550000  3129
GW2_8_33
1 93313U 26003LA  26093.00000000  .00000000  00000-0  00000-0 0  9990
2 93313  86.5000  63.0000 0000000   0.0000 291.5000 13.22550000  3131
GW2_8_34
1 93314U 26003LB  26093.00000000  .00000000  00000-0  00000-0 0  9991
2 93314  86.5000  63.0000 0000000   0.0000 300.5000 13.22550000  3144
GW2_8_35
1 93315U 26003LC  26093.00000000  .00000000  00000-0  00000-0 0  9992
2 93315  86.5000  63.0000 0000000   0.0000 309.5000 13.22550000  3155
GW2_8_36
1 93316U 26003LD  26093.00000000  .00000000  00000-0  00000-0 0  9993
2 93316  86.5000  63.0000 0000000   0.0000 318.5000 13.22550000  3167
GW2_8_37
1 93317U 26003LE  26093.00000000  .00000000  00000-0  00000-0 0  9994
2 93317  86.5000  63.0000 0000000   0.0000 327.5000 13.22550000  3179
GW2_8_38
1 93318U 26003LF  26093.00000000  .00000000  00000-0  00000-0 0  9995
2 93318  86.5000  63.0000 0000000   0.0000 336.5000 13.22550000  3181
GW2_8_39
1 93319U 26003LG  26093.00000000  .00000000  00000-0  00000-0 0  9996
2 93319  86.5000  63.0000 0000000   0.0000 345.5000 13.22550000  3193
GW2_8_40
1 93320U 26003LH  26093.00000000  .00000000  00000-0  00000-0 0  9998
2 93320  86.5000  63.0000 0000000   0.0000 354.5000 13.22550000  3207
GW2_9_1
1 93321U 26003LI  26093.00000000  .00000000  00000-0  00000-0 0  9999
2 93321  86.5000  72.0000 0000000   0.0000   4.0000 13.22550000  3216
GW2_9_2
1 93322U 26003LJ  26093.00000000  .00000000  00000-0  00000-0 0  9990
2 93322  86.5000  72.0000 0000000   0.0000  13.0000 13.22550000  3228
GW2_9_3
1 93323U 26003LK  26093.00000000  .00000000  00000-0  00000-0 0  9991
2 93323  86.5000  72.0000 0000000   0.0000  22.0000 13.22550000  3230
GW2_9_4
1 93324U 26003LL  26093.00000000  .00000000  00000-0  00000-0 0  9992
2 93324  86.5000  72.0000 0000000   0.0000  31.0000 13.22550000  3242
GW2_9_5
1 93325U 26003LM  26093.00000000  .00000000  00000-0  00000-0 0  9993
2 93325  86.5000  72.0000 0000000   0.0000  40.0000 13.22550000  3254
GW2_9_6
1 93326U 26003LN  26093.00000000  .00000000  00000-0  00000-0 0  9994
2 93326  86.5000  72.0000 0000000   0.0000  49.0000 13.22550000  3265
GW2_9_7
1 93327U 26003LO  26093.00000000  .00000000  00000-0  00000-0 0  9995
2 93327  86.5000  72.0000 0000000   0.0000  58.0000 13.22550000  3277
GW2_9_8
1 93328U 26003LP  26093.00000000  .00000000  00000-0  00000-0 0  9996
2 93328  86.5000  72.0000 0000000   0.0000  67.0000 13.22550000  3289
GW2_9_9
1 93329U 26003LQ  26093.00000000  .00000000  00000-0  00000-0 0  9997
2 93329  86.5000  72.0000 0000000   0.0000  76.0000 13.22550000  3291
GW2_9_10
1 93330U 26003LR  26093.00000000  .00000000  00000-0  00000-0 0  9999
2 93330  86.5000  72.0000 0000000   0.0000  85.0000 13.22550000  3305
GW2_9_11
1 93331U 26003LS  26093.00000000  .00000000  00000-0  00000-0 0  9990
2 93331  86.5000  72.0000 0000000   0.0000  94.0000 13.22550000  3317
GW2_9_12
1 93332U 26003LT  26093.00000000  .00000000  00000-0  00000-0 0  9991
2 93332  86.5000  72.0000 0000000   0.0000 103.0000 13.22550000  3320
GW2_9_13
1 93333U 26003LU  26093.00000000  .00000000  00000-0  00000-0 0  9992
2 93333  86.5000  72.0000 0000000   0.0000 112.0000 13.22550000  3332
GW2_9_14
1 93334U 26003LV  26093.00000000  .00000000  00000-0  00000-0 0  9993
2 93334  86.5000  72.0000 0000000   0.0000 121.0000 13.22550000  3344
GW2_9_15
1 93335U 26003LW  26093.00000000  .00000000  00000-0  00000-0 0  9994
2 93335  86.5000  72.0000 0000000   0.0000 130.0000 13.22550000  3356
GW2_9_16
1 93336U 26003LX  26093.00000000  .00000000  00000-0  00000-0 0  9995
2 93336  86.5000  72.0000 0000000   0.0000 139.0000 13.22550000  3367
GW2_9_17
1 93337U 26003LY  26093.00000000  .00000000  00000-0  00000-0 0  9996
2 93337  86.5000  72.0000 0000000   0.0000 148.0000 13.22550000  3379
GW2_9_18
1 93338U 26003LZ  26093.00000000  .00000000  00000-0  00000-0 0  9997
2 93338  86.5000  72.0000 0000000   0.0000 157.0000 13.22550000  3381
GW2_9_19
1 93339U 26003MA  26093.00000000  .00000000  00000-0  00000-0 0  9998
2 93339  86.5000  72.0000 0000000   0.0000 166.0000 13.22550000  3393
GW2_9_20
1 93340U 26003MB  26093.00000000  .00000000  00000-0  00000-0 0  9990
2 93340  86.5000  72.0000 0000000   0.0000 175.0000 13.22550000  3407
GW2_9_21
1 93341U 26003MC  26093.00000000  .00000000  00000-0  00000-0 0  9991
2 93341  86.5000  72.0000 0000000   0.0000 184.0000 13.22550000  3419
GW2_9_22
1 93342U 26003MD  26093.00000000  .00000000  00000-0  00000-0 0  9992
2 93342  86.5000  72.0000 0000000   0.0000 193.0000 13.22550000  3421
GW2_9_23
1 93343U 26003ME  26093.00000000  .00000000  00000-0  00000-0 0  9993
2 93343  86.5000  72.0000 0000000   0.0000 202.0000 13.22550000  3434
GW2_9_24
1 93344U 26003MF  26093.00000000  .00000000  00000-0  00000-0 0  9994
2 93344  86.5000  72.0000 0000000   0.0000 211.0000 13.22550000  3446
GW2_9_25
1 93345U 26003MG  26093.00000000  .00000000  00000-0  00000-0 0  9995
2 93345  86.5000  72.0000 0000000   0.0000 220.0000 13.22550000  3458
GW2_9_26
1 93346U 26003MH  26093.00000000  .00000000  00000-0  00000-0 0  9996
2 93346  86.5000  72.0000 0000000   0.0000 229.0000 13.22550000  3469
GW2_9_27
1 93347U 26003MI  26093.00000000  .00000000  00000-0  00000-0 0  9997
2 93347  86.5000  72.0000 0000000   0.0000 238.0000 13.22550000  3471
GW2_9_28
1 93348U 26003MJ  26093.00000000  .00000000  00000-0  00000-0 0  9998
2 93348  86.5000  72.0000 0000000   0.0000 247.0000 13.22550000  3483
GW2_9_29
1 93349U 26003MK  26093.00000000  .00000000  00000-0  00000-0 0  9999
2 93349  86.5000  72.0000 0000000   0.0000 256.0000 13.22550000  3495
GW2_9_30
1 93350U 26003ML  26093.00000000  .00000000  00000-0  00000-0 0  9991
2 93350  86.5000  72.0000 0000000   0.0000 265.0000 13.22550000  3509
GW2_9_31
1 93351U 26003MM  26093.00000000  .00000000  00000-0  00000-0 0  9992
2 93351  86.5000  72.0000 0000000   0.0000 274.0000 13.22550000  3511
GW2_9_32
1 93352U 26003MN  26093.00000000  .00000000  00000-0  00000-0 0  9993
2 93352  86.5000  72.0000 0000000   0.0000 283.0000 13.22550000  3523
GW2_9_33
1 93353U 26003MO  26093.00000000  .00000000  00000-0  00000-0 0  9994
2 93353  86.5000  72.0000 0000000   0.0000 292.0000 13.22550000  3535
GW2_9_34
1 93354U 26003MP  26093.00000000  .00000000  00000-0  00000-0 0  9995
2 93354  86.5000  72.0000 0000000   0.0000 301.0000 13.22550000  3548
GW2_9_35
1 93355U 26003MQ  26093.00000000  .00000000  00000-0  00000-0 0  9996
2 93355  86.5000  72.0000 0000000   0.0000 310.0000 13.22550000  3550
GW2_9_36
1 93356U 26003MR  26093.00000000  .00000000  00000-0  00000-0 0  9997
2 93356  86.5000  72.0000 0000000   0.0000 319.0000 13.22550000  3561
GW2_9_37
1 93357U 26003MS  26093.00000000  .00000000  00000-0  00000-0 0  9998
2 93357  86.5000  72.0000 0000000   0.0000 328.0000 13.22550000  3573
GW2_9_38
1 93358U 26003MT  26093.00000000  .00000000  00000-0  00000-0 0  9999
2 93358  86.5000  72.0000 0000000   0.0000 337.0000 13.22550000  3585
GW2_9_39
1 93359U 26003MU  26093.00000000  .00000000  00000-0  00000-0 0  9990
2 93359  86.5000  72.0000 0000000   0.0000 346.0000 13.22550000  3597
GW2_9_40
1 93360U 26003MV  26093.00000000  .00000000  00000-0  00000-0 0  9992
2 93360  86.5000  72.0000 0000000   0.0000 355.0000 13.22550000  3601
GW2_10_1
1 93361U 26003MW  26093.00000000  .00000000  00000-0  00000-0 0  9993
2 93361  86.5000  81.0000 0000000   0.0000   4.5000 13.22550000  3619
GW2_10_2
1 93362U 26003MX  26093.00000000  .00000000  00000-0  00000-0 0  9994
2 93362  86.5000  81.0000 0000000   0.0000  13.5000 13.22550000  3621
GW2_10_3
1 93363U 26003MY  26093.00000000  .00000000  00000-0  00000-0 0  9995
2 93363  86.5000  81.0000 0000000   0.0000  22.5000 13.22550000  3633
GW2_10_4
1 93364U 26003MZ  26093.00000000  .00000000  00000-0  00000-0 0  9996
2 93364  86.5000  81.0000 0000000   0.0000  31.5000 13.22550000  3645
GW2_10_5
1 93365U 26003NA  26093.00000000  .00000000  00000-0  00000-0 0  9997
2 93365  86.5000  81.0000 0000000   0.0000  40.5000 13.22550000  3657
GW2_10_6
1 93366U 26003NB  26093.00000000  .00000000  00000-0  00000-0 0  9998
2 93366  86.5000  81.0000 0000000   0.0000  49.5000 13.22550000  3668
GW2_10_7
1 93367U 26003NC  26093.00000000  .00000000  00000-0  00000-0 0  9999
2 93367  86.5000  81.0000 0000000   0.0000  58.5000 13.22550000  3670
GW2_10_8
1 93368U 26003ND  26093.00000000  .00000000  00000-0  00000-0 0  9990
2 93368  86.5000  81.0000 0000000   0.0000  67.5000 13.22550000  3682
GW2_10_9
1 93369U 26003NE  26093.00000000  .00000000  00000-0  00000-0 0  9991
2 93369  86.5000  81.0000 0000000   0.0000  76.5000 13.22550000  3694
GW2_10_10
1 93370U 26003NF  26093.00000000  .00000000  00000-0  00000-0 0  9993
2 93370  86.5000  81.0000 0000000   0.0000  85.5000 13.22550000  3708
GW2_10_11
1 93371U 26003NG  26093.00000000  .00000000  00000-0  00000-0 0  9994
2 93371  86.5000  81.0000 0000000   0.0000  94.5000 13.22550000  3710
GW2_10_12
1 93372U 26003NH  26093.00000000  .00000000  00000-0  00000-0 0  9995
2 93372  86.5000  81.0000 0000000   0.0000 103.5000 13.22550000  3723
GW2_10_13
1 93373U 26003NI  26093.00000000  .00000000  00000-0  00000-0 0  9996
2 93373  86.5000  81.0000 0000000   0.0000 112.5000 13.22550000  3735
GW2_10_14
1 93374U 26003NJ  26093.00000000  .00000000  00000-0  00000-0 0  9997
2 93374  86.5000  81.0000 0000000   0.0000 121.5000 13.22550000  3747
GW2_10_15
1 93375U 26003NK  26093.00000000  .00000000  00000-0  00000-0 0  9998
2 93375  86.5000  81.0000 0000000   0.0000 130.5000 13.22550000  3759
GW2_10_16
1 93376U 26003NL  26093.00000000  .00000000  00000-0  00000-0 0  9999
2 93376  86.5000  81.0000 0000000   0.0000 139.5000 13.22550000  3760
GW2_10_17
1 93377U 26003NM  26093.00000000  .00000000  00000-0  00000-0 0  9990
2 93377  86.5000  81.0000 0000000   0.0000 148.5000 13.22550000  3772
GW2_10_18
1 93378U 26003NN  26093.00000000  .00000000  00000-0  00000-0 0  9991
2 93378  86.5000  81.0000 0000000   0.0000 157.5000 13.22550000  3784
GW2_10_19
1 93379U 26003NO  26093.00000000  .00000000  00000-0  00000-0 0  9992
2 93379  86.5000  81.0000 0000000   0.0000 166.5000 13.22550000  3796
GW2_10_20
1 93380U 26003NP  26093.00000000  .00000000  00000-0  00000-0 0  9994
2 93380  86.5000  81.0000 0000000   0.0000 175.5000 13.22550000  3800
GW2_10_21
1 93381U 26003NQ  26093.00000000  .00000000  00000-0  00000-0 0  9995
2 93381  86.5000  81.0000 0000000   0.0000 184.5000 13.22550000  3812
GW2_10_22
1 93382U 26003NR  26093.00000000  .00000000  00000-0  00000-0 0  9996
2 93382  86.5000  81.0000 0000000   0.0000 193.5000 13.22550000  3824
GW2_10_23
1 93383U 26003NS  26093.00000000  .00000000  00000-0  00000-0 0  9997
2 93383  86.5000  81.0000 0000000   0.0000 202.5000 13.22550000  3837
GW2_10_24
1 93384U 26003NT  26093.00000000  .00000000  00000-0  00000-0 0  9998
2 93384  86.5000  81.0000 0000000   0.0000 211.5000 13.22550000  3849
GW2_10_25
1 93385U 26003NU  26093.00000000  .00000000  00000-0  00000-0 0  9999
2 93385  86.5000  81.0000 0000000   0.0000 220.5000 13.22550000  3851
GW2_10_26
1 93386U 26003NV  26093.00000000  .00000000  00000-0  00000-0 0  9990
2 93386  86.5000  81.0000 0000000   0.0000 229.5000 13.22550000  3862
GW2_10_27
1 93387U 26003NW  26093.00000000  .00000000  00000-0  00000-0 0  9991
2 93387  86.5000  81.0000 0000000   0.0000 238.5000 13.22550000  3874
GW2_10_28
1 93388U 26003NX  26093.00000000  .00000000  00000-0  00000-0 0  9992
2 93388  86.5000  81.0000 0000000   0.0000 247.5000 13.22550000  3886
GW2_10_29
1 93389U 26003NY  26093.00000000  .00000000  00000-0  00000-0 0  9993
2 93389  86.5000  81.0000 0000000   0.0000 256.5000 13.22550000  3898
GW2_10_30
1 93390U 26003NZ  26093.00000000  .00000000  00000-0  00000-0 0  9995
2 93390  86.5000  81.0000 0000000   0.0000 265.5000 13.22550000  3902
GW2_10_31
1 93391U 26003OA  26093.00000000  .00000000  00000-0  00000-0 0  9996
2 93391  86.5000  81.0000 0000000   0.0000 274.5000 13.22550000  3914
GW2_10_32
1 93392U 26003OB  26093.00000000  .00000000  00000-0  00000-0 0  9997
2 93392  86.5000  81.0000 0000000   0.0000 283.5000 13.22550000  3926
GW2_10_33
1 93393U 26003OC  26093.00000000  .00000000  00000-0  00000-0 0  9998
2 93393  86.5000  81.0000 0000000   0.0000 292.5000 13.22550000  3938
GW2_10_34
1 93394U 26003OD  26093.00000000  .00000000  00000-0  00000-0 0  9999
2 93394  86.5000  81.0000 0000000   0.0000 301.5000 13.22550000  3941
GW2_10_35
1 93395U 26003OE  26093.00000000  .00000000  00000-0  00000-0 0  9990
2 93395  86.5000  81.0000 0000000   0.0000 310.5000 13.22550000  3953
GW2_10_36
1 93396U 26003OF  26093.00000000  .00000000  00000-0  00000-0 0  9991
2 93396  86.5000  81.0000 0000000   0.0000 319.5000 13.22550000  3964
GW2_10_37
1 93397U 26003OG  26093.00000000  .00000000  00000-0  00000-0 0  9992
2 93397  86.5000  81.0000 0000000   0.0000 328.5000 13.22550000  3976
GW2_10_38
1 93398U 26003OH  26093.00000000  .00000000  00000-0  00000-0 0  9993
2 93398  86.5000  81.0000 0000000   0.0000 337.5000 13.22550000  3988
GW2_10_39
1 93399U 26003OI  26093.00000000  .00000000  00000-0  00000-0 0  9994
2 93399  86.5000  81.0000 0000000   0.0000 346.5000 13.22550000  3990
GW2_10_40
1 93400U 26003OJ  26093.00000000  .00000000  00000-0  00000-0 0  9997
2 93400  86.5000  81.0000 0000000   0.0000 355.5000 13.22550000  4006
GW2_11_1
1 93401U 26003OK  26093.00000000  .00000000  00000-0  00000-0 0  9998
2 93401  86.5000  90.0000 0000000   0.0000   5.0000 13.22550000  4015
GW2_11_2
1 93402U 26003OL  26093.00000000  .00000000  00000-0  00000-0 0  9999
2 93402  86.5000  90.0000 0000000   0.0000  14.0000 13.22550000  4027
GW2_11_3
1 93403U 26003OM  26093.00000000  .00000000  00000-0  00000-0 0  9990
2 93403  86.5000  90.0000 0000000   0.0000  23.0000 13.22550000  4039
GW2_11_4
1 93404U 26003ON  26093.00000000  .00000000  00000-0  00000-0 0  9991
2 93404  86.5000  90.0000 0000000   0.0000  32.0000 13.22550000  4041
GW2_11_5
1 93405U 26003OO  26093.00000000  .00000000  00000-0  00000-0 0  9992
2 93405  86.5000  90.0000 0000000   0.0000  41.0000 13.22550000  4053
GW2_11_6
1 93406U 26003OP  26093.00000000  .00000000  00000-0  00000-0 0  9993
2 93406  86.5000  90.0000 0000000   0.0000  50.0000 13.22550000  4065
GW2_11_7
1 93407U 26003OQ  26093.00000000  .00000000  00000-0  00000-0 0  9994
2 93407  86.5000  90.0000 0000000   0.0000  59.0000 13.22550000  4076
GW2_11_8
1 93408U 26003OR  26093.00000000  .00000000  00000-0  00000-0 0  9995
2 93408  86.5000  90.0000 0000000   0.0000  68.0000 13.22550000  4088
GW2_11_9
1 93409U 26003OS  26093.00000000  .00000000  00000-0  00000-0 0  9996
2 93409  86.5000  90.0000 0000000   0.0000  77.0000 13.22550000  4090
GW2_11_10
1 93410U 26003OT  26093.00000000  .00000000  00000-0  00000-0 0  9998
2 93410  86.5000  90.0000 0000000   0.0000  86.0000 13.22550000  4104
GW2_11_11
1 93411U 26003OU  26093.00000000  .00000000  00000-0  00000-0 0  9999
2 93411  86.5000  90.0000 0000000   0.0000  95.0000 13.22550000  4116
GW2_11_12
1 93412U 26003OV  26093.00000000  .00000000  00000-0  00000-0 0  9990
2 93412  86.5000  90.0000 0000000   0.0000 104.0000 13.22550000  4129
GW2_11_13
1 93413U 26003OW  26093.00000000  .00000000  00000-0  00000-0 0  9991
2 93413  86.5000  90.0000 0000000   0.0000 113.0000 13.22550000  4131
GW2_11_14
1 93414U 26003OX  26093.00000000  .00000000  00000-0  00000-0 0  9992
2 93414  86.5000  90.0000 0000000   0.0000 122.0000 13.22550000  4143
GW2_11_15
1 93415U 26003OY  26093.00000000  .00000000  00000-0  00000-0 0  9993
2 93415  86.5000  90.0000 0000000   0.0000 131.0000 13.22550000  4155
GW2_11_16
1 93416U 26003OZ  26093.00000000  .00000000  00000-0  00000-0 0  9994
2 93416  86.5000  90.0000 0000000   0.0000 140.0000 13.22550000  4167
GW2_11_17
1 93417U 26003PA  26093.00000000  .00000000  00000-0  00000-0 0  9995
2 93417  86.5000  90.0000 0000000   0.0000 149.0000 13.22550000  4178
GW2_11_18
1 93418U 26003PB  26093.00000000  .00000000  00000-0  00000-0 0  9996
2 93418  86.5000  90.0000 0000000   0.0000 158.0000 13.22550000  4180
GW2_11_19
1 93419U 26003PC  26093.00000000  .00000000  00000-0  00000-0 0  9997
2 93419  86.5000  90.0000 0000000   0.0000 167.0000 13.22550000  4192
GW2_11_20
1 93420U 26003PD  26093.00000000  .00000000  00000-0  00000-0 0  9999
2 93420  86.5000  90.0000 0000000   0.0000 176.0000 13.22550000  4206
GW2_11_21
1 93421U 26003PE  26093.00000000  .00000000  00000-0  00000-0 0  9990
2 93421  86.5000  90.0000 0000000   0.0000 185.0000 13.22550000  4218
GW2_11_22
1 93422U 26003PF  26093.00000000  .00000000  00000-0  00000-0 0  9991
2 93422  86.5000  90.0000 0000000   0.0000 194.0000 13.22550000  4220
GW2_11_23
1 93423U 26003PG  26093.00000000  .00000000  00000-0  00000-0 0  9992
2 93423  86.5000  90.0000 0000000   0.0000 203.0000 13.22550000  4233
GW2_11_24
1 93424U 26003PH  26093.00000000  .00000000  00000-0  00000-0 0  9993
2 93424  86.5000  90.0000 0000000   0.0000 212.0000 13.22550000  4245
GW2_11_25
1 93425U 26003PI  26093.00000000  .00000000  00000-0  00000-0 0  9994
2 93425  86.5000  90.0000 0000000   0.0000 221.0000 13.22550000  4257
GW2_11_26
1 93426U 26003PJ  26093.00000000  .00000000  00000-0  00000-0 0  9995
2 93426  86.5000  90.0000 0000000   0.0000 230.0000 13.22550000  4269
GW2_11_27
1 93427U 26003PK  26093.00000000  .00000000  00000-0  00000-0 0  9996
2 93427  86.5000  90.0000 0000000   0.0000 239.0000 13.22550000  4270
GW2_11_28
1 93428U 26003PL  26093.00000000  .00000000  00000-0  00000-0 0  9997
2 93428  86.5000  90.0000 0000000   0.0000 248.0000 13.22550000  4282
GW2_11_29
1 93429U 26003PM  26093.00000000  .00000000  00000-0  00000-0 0  9998
2 93429  86.5000  90.0000 0000000   0.0000 257.0000 13.22550000  4294
GW2_11_30
1 93430U 26003PN  26093.00000000  .00000000  00000-0  00000-0 0  9990
2 93430  86.5000  90.0000 0000000   0.0000 266.0000 13.22550000  4308
GW2_11_31
1 93431U 26003PO  26093.00000000  .00000000  00000-0  00000-0 0  9991
2 93431  86.5000  90.0000 0000000   0.0000 275.0000 13.22550000  4310
GW2_11_32
1 93432U 26003PP  26093.00000000  .00000000  00000-0  00000-0 0  9992
2 93432  86.5000  90.0000 0000000   0.0000 284.0000 13.22550000  4322
GW2_11_33
1 93433U 26003PQ  26093.00000000  .00000000  00000-0  00000-0 0  9993
2 93433  86.5000  90.0000 0000000   0.0000 293.0000 13.22550000  4334
GW2_11_34
1 93434U 26003PR  26093.00000000  .00000000  00000-0  00000-0 0  9994
2 93434  86.5000  90.0000 0000000   0.0000 302.0000 13.22550000  4347
GW2_11_35
1 93435U 26003PS  26093.00000000  .00000000  00000-0  00000-0 0  9995
2 93435  86.5000  90.0000 0000000   0.0000 311.0000 13.22550000  4359
GW2_11_36
1 93436U 26003PT  26093.00000000  .00000000  00000-0  00000-0 0  9996
2 93436  86.5000  90.0000 0000000   0.0000 320.0000 13.22550000  4361
GW2_11_37
1 93437U 26003PU  26093.00000000  .00000000  00000-0  00000-0 0  9997
2 93437  86.5000  90.0000 0000000   0.0000 329.0000 13.22550000  4372
GW2_11_38
1 93438U 26003PV  26093.00000000  .00000000  00000-0  00000-0 0  9998
2 93438  86.5000  90.0000 0000000   0.0000 338.0000 13.22550000  4384
GW2_11_39
1 93439U 26003PW  26093.00000000  .00000000  00000-0  00000-0 0  9999
2 93439  86.5000  90.0000 0000000   0.0000 347.0000 13.22550000  4396
GW2_11_40
1 93440U 26003PX  26093.00000000  .00000000  00000-0  00000-0 0  9991
2 93440  86.5000  90.0000 0000000   0.0000 356.0000 13.22550000  4400
GW2_12_1
1 93441U 26003PY  26093.00000000  .00000000  00000-0  00000-0 0  9992
2 93441  86.5000  99.0000 0000000   0.0000   5.5000 13.22550000  4417
GW2_12_2
1 93442U 26003PZ  26093.00000000  .00000000  00000-0  00000-0 0  9993
2 93442  86.5000  99.0000 0000000   0.0000  14.5000 13.22550000  4429
GW2_12_3
1 93443U 26003QA  26093.00000000  .00000000  00000-0  00000-0 0  9994
2 93443  86.5000  99.0000 0000000   0.0000  23.5000 13.22550000  4431
GW2_12_4
1 93444U 26003QB  26093.00000000  .00000000  00000-0  00000-0 0  9995
2 93444  86.5000  99.0000 0000000   0.0000  32.5000 13.22550000  4443
GW2_12_5
1 93445U 26003QC  26093.00000000  .00000000  00000-0  00000-0 0  9996
2 93445  86.5000  99.0000 0000000   0.0000  41.5000 13.22550000  4455
GW2_12_6
1 93446U 26003QD  26093.00000000  .00000000  00000-0  00000-0 0  9997
2 93446  86.5000  99.0000 0000000   0.0000  50.5000 13.22550000  4467
GW2_12_7
1 93447U 26003QE  26093.00000000  .00000000  00000-0  00000-0 0  9998
2 93447  86.5000  99.0000 0000000   0.0000  59.5000 13.22550000  4478
GW2_12_8
1 93448U 26003QF  26093.00000000  .00000000  00000-0  00000-0 0  9999
2 93448  86.5000  99.0000 0000000   0.0000  68.5000 13.22550000  4480
GW2_12_9
1 93449U 26003QG  26093.00000000  .00000000  00000-0  00000-0 0  9990
2 93449  86.5000  99.0000 0000000   0.0000  77.5000 13.22550000  4492
GW2_12_10
1 93450U 26003QH  26093.00000000  .00000000  00000-0  00000-0 0  9992
2 93450  86.5000  99.0000 0000000   0.0000  86.5000 13.22550000  4506
GW2_12_11
1 93451U 26003QI  26093.00000000  .00000000  00000-0  00000-0 0  9993
2 93451  86.5000  99.0000 0000000   0.0000  95.5000 13.22550000  4518
GW2_12_12
1 93452U 26003QJ  26093.00000000  .00000000  00000-0  00000-0 0  9994
2 93452  86.5000  99.0000 0000000   0.0000 104.5000 13.22550000  4521
GW2_12_13
1 93453U 26003QK  26093.00000000  .00000000  00000-0  00000-0 0  9995
2 93453  86.5000  99.0000 0000000   0.0000 113.5000 13.22550000  4533
GW2_12_14
1 93454U 26003QL  26093.00000000  .00000000  00000-0  00000-0 0  9996
2 93454  86.5000  99.0000 0000000   0.0000 122.5000 13.22550000  4545
GW2_12_15
1 93455U 26003QM  26093.00000000  .00000000  00000-0  00000-0 0  9997
2 93455  86.5000  99.0000 0000000   0.0000 131.5000 13.22550000  4557
GW2_12_16
1 93456U 26003QN  26093.00000000  .00000000  00000-0  00000-0 0  9998
2 93456  86.5000  99.0000 0000000   0.0000 140.5000 13.22550000  4569
GW2_12_17
1 93457U 26003QO  26093.00000000  .00000000  00000-0  00000-0 0  9999
2 93457  86.5000  99.0000 0000000   0.0000 149.5000 13.22550000  4570
GW2_12_18
1 93458U 26003QP  26093.00000000  .00000000  00000-0  00000-0 0  9990
2 93458  86.5000  99.0000 0000000   0.0000 158.5000 13.22550000  4582
GW2_12_19
1 93459U 26003QQ  26093.00000000  .00000000  00000-0  00000-0 0  9991
2 93459  86.5000  99.0000 0000000   0.0000 167.5000 13.22550000  4594
GW2_12_20
1 93460U 26003QR  26093.00000000  .00000000  00000-0  00000-0 0  9993
2 93460  86.5000  99.0000 0000000   0.0000 176.5000 13.22550000  4608
GW2_12_21
1 93461U 26003QS  26093.00000000  .00000000  00000-0  00000-0 0  9994
2 93461  86.5000  99.0000 0000000   0.0000 185.5000 13.22550000  4610
GW2_12_22
1 93462U 26003QT  26093.00000000  .00000000  00000-0  00000-0 0  9995
2 93462  86.5000  99.0000 0000000   0.0000 194.5000 13.22550000  4622
GW2_12_23
1 93463U 26003QU  26093.00000000  .00000000  00000-0  00000-0 0  9996
2 93463  86.5000  99.0000 0000000   0.0000 203.5000 13.22550000  4635
GW2_12_24
1 93464U 26003QV  26093.00000000  .00000000  00000-0  00000-0 0  9997
2 93464  86.5000  99.0000 0000000   0.0000 212.5000 13.22550000  4647
GW2_12_25
1 93465U 26003QW  26093.00000000  .00000000  00000-0  00000-0 0  9998
2 93465  86.5000  99.0000 0000000   0.0000 221.5000 13.22550000  4659
GW2_12_26
1 93466U 26003QX  26093.00000000  .00000000  00000-0  00000-0 0  9999
2 93466  86.5000  99.0000 0000000   0.0000 230.5000 13.22550000  4661
GW2_12_27
1 93467U 26003QY  26093.00000000  .00000000  00000-0  00000-0 0  9990
2 93467  86.5000  99.0000 0000000   0.0000 239.5000 13.22550000  4672
GW2_12_28
1 93468U 26003QZ  26093.00000000  .00000000  00000-0  00000-0 0  9991
2 93468  86.5000  99.0000 0000000   0.0000 248.5000 13.22550000  4684
GW2_12_29
1 93469U 26003RA  26093.00000000  .00000000  00000-0  00000-0 0  9992
2 93469  86.5000  99.0000 0000000   0.0000 257.5000 13.22550000  4696
GW2_12_30
1 93470U 26003RB  26093.00000000  .00000000  00000-0  00000-0 0  9994
2 93470  86.5000  99.0000 0000000   0.0000 266.5000 13.22550000  4700
GW2_12_31
1 93471U 26003RC  26093.00000000  .00000000  00000-0  00000-0 0  9995
2 93471  86.5000  99.0000 0000000   0.0000 275.5000 13.22550000  4712
GW2_12_32
1 93472U 26003RD  26093.00000000  .00000000  00000-0  00000-0 0  9996
2 93472  86.5000  99.0000 0000000   0.0000 284.5000 13.22550000  4724
GW2_12_33
1 93473U 26003RE  26093.00000000  .00000000  00000-0  00000-0 0  9997
2 93473  86.5000  99.0000 0000000   0.0000 293.5000 13.22550000  4736
GW2_12_34
1 93474U 26003RF  26093.00000000  .00000000  00000-0  00000-0 0  9998
2 93474  86.5000  99.0000 0000000   0.0000 302.5000 13.22550000  4749
GW2_12_35
1 93475U 26003RG  26093.00000000  .00000000  00000-0  00000-0 0  9999
2 93475  86.5000  99.0000 0000000   0.0000 311.5000 13.22550000  4751
GW2_12_36
1 93476U 26003RH  26093.00000000  .00000000  00000-0  00000-0 0  9990
2 93476  86.5000  99.0000 0000000   0.0000 320.5000 13.22550000  4763
GW2_12_37
1 93477U 26003RI  26093.00000000  .00000000  00000-0  00000-0 0  9991
2 93477  86.5000  99.0000 0000000   0.0000 329.5000 13.22550000  4774
GW2_12_38
1 93478U 26003RJ  26093.00000000  .00000000  00000-0  00000-0 0  9992
2 93478  86.5000  99.0000 0000000   0.0000 338.5000 13.22550000  4786
GW2_12_39
1 93479U 26003RK  26093.00000000  .00000000  00000-0  00000-0 0  9993
2 93479  86.5000  99.0000 0000000   0.0000 347.5000 13.22550000  4798
GW2_12_40
1 93480U 26003RL  26093.00000000  .00000000  00000-0  00000-0 0  9995
2 93480  86.5000  99.0000 0000000   0.0000 356.5000 13.22550000  4802
GW2_13_1
1 93481U 26003RM  26093.00000000  .00000000  00000-0  00000-0 0  9996
2 93481  86.5000 108.0000 0000000   0.0000   6.0000 13.22550000  4812
GW2_13_2
1 93482U 26003RN  26093.00000000  .00000000  00000-0  00000-0 0  9997
2 93482  86.5000 108.0000 0000000   0.0000  15.0000 13.22550000  4824
GW2_13_3
1 93483U 26003RO  26093.00000000  .00000000  00000-0  00000-0 0  9998
2 93483  86.5000 108.0000 0000000   0.0000  24.0000 13.22550000  4836
GW2_13_4
1 93484U 26003RP  26093.00000000  .00000000  00000-0  00000-0 0  9999
2 93484  86.5000 108.0000 0000000   0.0000  33.0000 13.22550000  4848
GW2_13_5
1 93485U 26003RQ  26093.00000000  .00000000  00000-0  00000-0 0  9990
2 93485  86.5000 108.0000 0000000   0.0000  42.0000 13.22550000  4850
GW2_13_6
1 93486U 26003RR  26093.00000000  .00000000  00000-0  00000-0 0  9991
2 93486  86.5000 108.0000 0000000   0.0000  51.0000 13.22550000  4862
GW2_13_7
1 93487U 26003RS  26093.00000000  .00000000  00000-0  00000-0 0  9992
2 93487  86.5000 108.0000 0000000   0.0000  60.0000 13.22550000  4874
GW2_13_8
1 93488U 26003RT  26093.00000000  .00000000  00000-0  00000-0 0  9993
2 93488  86.5000 108.0000 0000000   0.0000  69.0000 13.22550000  4885
GW2_13_9
1 93489U 26003RU  26093.00000000  .00000000  00000-0  00000-0 0  9994
2 93489  86.5000 108.0000 0000000   0.0000  78.0000 13.22550000  4897
GW2_13_10
1 93490U 26003RV  26093.00000000  .00000000  00000-0  00000-0 0  9996
2 93490  86.5000 108.0000 0000000   0.0000  87.0000 13.22550000  4901
GW2_13_11
1 93491U 26003RW  26093.00000000  .00000000  00000-0  00000-0 0  9997
2 93491  86.5000 108.0000 0000000   0.0000  96.0000 13.22550000  4913
GW2_13_12
1 93492U 26003RX  26093.00000000  .00000000  00000-0  00000-0 0  9998
2 93492  86.5000 108.0000 0000000   0.0000 105.0000 13.22550000  4926
GW2_13_13
1 93493U 26003RY  26093.00000000  .00000000  00000-0  00000-0 0  9999
2 93493  86.5000 108.0000 0000000   0.0000 114.0000 13.22550000  4938
GW2_13_14
1 93494U 26003RZ  26093.00000000  .00000000  00000-0  00000-0 0  9990
2 93494  86.5000 108.0000 0000000   0.0000 123.0000 13.22550000  4940
GW2_13_15
1 93495U 26003SA  26093.00000000  .00000000  00000-0  00000-0 0  9991
2 93495  86.5000 108.0000 0000000   0.0000 132.0000 13.22550000  4952
GW2_13_16
1 93496U 26003SB  26093.00000000  .00000000  00000-0  00000-0 0  9992
2 93496  86.5000 108.0000 0000000   0.0000 141.0000 13.22550000  4964
GW2_13_17
1 93497U 26003SC  26093.00000000  .00000000  00000-0  00000-0 0  9993
2 93497  86.5000 108.0000 0000000   0.0000 150.0000 13.22550000  4976
GW2_13_18
1 93498U 26003SD  26093.00000000  .00000000  00000-0  00000-0 0  9994
2 93498  86.5000 108.0000 0000000   0.0000 159.0000 13.22550000  4987
GW2_13_19
1 93499U 26003SE  26093.00000000  .00000000  00000-0  00000-0 0  9995
2 93499  86.5000 108.0000 0000000   0.0000 168.0000 13.22550000  4999
GW2_13_20
1 93500U 26003SF  26093.00000000  .00000000  00000-0  00000-0 0  9998
2 93500  86.5000 108.0000 0000000   0.0000 177.0000 13.22550000  5005
GW2_13_21
1 93501U 26003SG  26093.00000000  .00000000  00000-0  00000-0 0  9999
2 93501  86.5000 108.0000 0000000   0.0000 186.0000 13.22550000  5017
GW2_13_22
1 93502U 26003SH  26093.00000000  .00000000  00000-0  00000-0 0  9990
2 93502  86.5000 108.0000 0000000   0.0000 195.0000 13.22550000  5029
GW2_13_23
1 93503U 26003SI  26093.00000000  .00000000  00000-0  00000-0 0  9991
2 93503  86.5000 108.0000 0000000   0.0000 204.0000 13.22550000  5032
GW2_13_24
1 93504U 26003SJ  26093.00000000  .00000000  00000-0  00000-0 0  9992
2 93504  86.5000 108.0000 0000000   0.0000 213.0000 13.22550000  5044
GW2_13_25
1 93505U 26003SK  26093.00000000  .00000000  00000-0  00000-0 0  9993
2 93505  86.5000 108.0000 0000000   0.0000 222.0000 13.22550000  5056
GW2_13_26
1 93506U 26003SL  26093.00000000  .00000000  00000-0  00000-0 0  9994
2 93506  86.5000 108.0000 0000000   0.0000 231.0000 13.22550000  5068
GW2_13_27
1 93507U 26003SM  26093.00000000  .00000000  00000-0  00000-0 0  9995
2 93507  86.5000 108.0000 0000000   0.0000 240.0000 13.22550000  5070
GW2_13_28
1 93508U 26003SN  26093.00000000  .00000000  00000-0  00000-0 0  9996
2 93508  86.5000 108.0000 0000000   0.0000 249.0000 13.22550000  5081
GW2_13_29
1 93509U 26003SO  26093.00000000  .00000000  00000-0  00000-0 0  9997
2 93509  86.5000 108.0000 0000000   0.0000 258.0000 13.22550000  5093
GW2_13_30
1 93510U 26003SP  26093.00000000  .00000000  00000-0  00000-0 0  9999
2 93510  86.5000 108.0000 0000000   0.0000 267.0000 13.22550000  5107
GW2_13_31
1 93511U 26003SQ  26093.00000000  .00000000  00000-0  00000-0 0  9990
2 93511  86.5000 108.0000 0000000   0.0000 276.0000 13.22550000  5119
GW2_13_32
1 93512U 26003SR  26093.00000000  .00000000  00000-0  00000-0 0  9991
2 93512  86.5000 108.0000 0000000   0.0000 285.0000 13.22550000  5121
GW2_13_33
1 93513U 26003SS  26093.00000000  .00000000  00000-0  00000-0 0  9992
2 93513  86.5000 108.0000 0000000   0.0000 294.0000 13.22550000  5133
GW2_13_34
1 93514U 26003ST  26093.00000000  .00000000  00000-0  00000-0 0  9993
2 93514  86.5000 108.0000 0000000   0.0000 303.0000 13.22550000  5146
GW2_13_35
1 93515U 26003SU  26093.00000000  .00000000  00000-0  00000-0 0  9994
2 93515  86.5000 108.0000 0000000   0.0000 312.0000 13.22550000  5158
GW2_13_36
1 93516U 26003SV  26093.00000000  .00000000  00000-0  00000-0 0  9995
2 93516  86.5000 108.0000 0000000   0.0000 321.0000 13.22550000  5160
GW2_13_37
1 93517U 26003SW  26093.00000000  .00000000  00000-0  00000-0 0  9996
2 93517  86.5000 108.0000 0000000   0.0000 330.0000 13.22550000  5172
GW2_13_38
1 93518U 26003SX  26093.00000000  .00000000  00000-0  00000-0 0  9997
2 93518  86.5000 108.0000 0000000   0.0000 339.0000 13.22550000  5183
GW2_13_39
1 93519U 26003SY  26093.00000000  .00000000  00000-0  00000-0 0  9998
2 93519  86.5000 108.0000 0000000   0.0000 348.0000 13.22550000  5195
GW2_13_40
1 93520U 26003SZ  26093.00000000  .00000000  00000-0  00000-0 0  9990
2 93520  86.5000 108.0000 0000000   0.0000 357.0000 13.22550000  5209
GW2_14_1
1 93521U 26003TA  26093.00000000  .00000000  00000-0  00000-0 0  9991
2 93521  86.5000 117.0000 0000000   0.0000   6.5000 13.22550000  5217
GW2_14_2
1 93522U 26003TB  26093.00000000  .00000000  00000-0  00000-0 0  9992
2 93522  86.5000 117.0000 0000000   0.0000  15.5000 13.22550000  5229
GW2_14_3
1 93523U 26003TC  26093.00000000  .00000000  00000-0  00000-0 0  9993
2 93523  86.5000 117.0000 0000000   0.0000  24.5000 13.22550000  5231
GW2_14_4
1 93524U 26003TD  26093.00000000  .00000000  00000-0  00000-0 0  9994
2 93524  86.5000 117.0000 0000000   0.0000  33.5000 13.22550000  5243
GW2_14_5
1 93525U 26003TE  26093.00000000  .00000000  00000-0  00000-0 0  9995
2 93525  86.5000 117.0000 0000000   0.0000  42.5000 13.22550000  5255
GW2_14_6
1 93526U 26003TF  26093.00000000  .00000000  00000-0  00000-0 0  9996
2 93526  86.5000 117.0000 0000000   0.0000  51.5000 13.22550000  5267
GW2_14_7
1 93527U 26003TG  26093.00000000  .00000000  00000-0  00000-0 0  9997
2 93527  86.5000 117.0000 0000000   0.0000  60.5000 13.22550000  5279
GW2_14_8
1 93528U 26003TH  26093.00000000  .00000000  00000-0  00000-0 0  9998
2 93528  86.5000 117.0000 0000000   0.0000  69.5000 13.22550000  5280
GW2_14_9
1 93529U 26003TI  26093.00000000  .00000000  00000-0  00000-0 0  9999
2 93529  86.5000 117.0000 0000000   0.0000  78.5000 13.22550000  5292
GW2_14_10
1 93530U 26003TJ  26093.00000000  .00000000  00000-0  00000-0 0  9991
2 93530  86.5000 117.0000 0000000   0.0000  87.5000 13.22550000  5306
GW2_14_11
1 93531U 26003TK  26093.00000000  .00000000  00000-0  00000-0 0  9992
2 93531  86.5000 117.0000 0000000   0.0000  96.5000 13.22550000  5318
GW2_14_12
1 93532U 26003TL  26093.00000000  .00000000  00000-0  00000-0 0  9993
2 93532  86.5000 117.0000 0000000   0.0000 105.5000 13.22550000  5321
GW2_14_13
1 93533U 26003TM  26093.00000000  .00000000  00000-0  00000-0 0  9994
2 93533  86.5000 117.0000 0000000   0.0000 114.5000 13.22550000  5333
GW2_14_14
1 93534U 26003TN  26093.00000000  .00000000  00000-0  00000-0 0  9995
2 93534  86.5000 117.0000 0000000   0.0000 123.5000 13.22550000  5345
GW2_14_15
1 93535U 26003TO  26093.00000000  .00000000  00000-0  00000-0 0  9996
2 93535  86.5000 117.0000 0000000   0.0000 132.5000 13.22550000  5357
GW2_14_16
1 93536U 26003TP  26093.00000000  .00000000  00000-0  00000-0 0  9997
2 93536  86.5000 117.0000 0000000   0.0000 141.5000 13.22550000  5369
GW2_14_17
1 93537U 26003TQ  26093.00000000  .00000000  00000-0  00000-0 0  9998
2 93537  86.5000 117.0000 0000000   0.0000 150.5000 13.22550000  5371
GW2_14_18
1 93538U 26003TR  26093.00000000  .00000000  00000-0  00000-0 0  9999
2 93538  86.5000 117.0000 0000000   0.0000 159.5000 13.22550000  5382
GW2_14_19
1 93539U 26003TS  26093.00000000  .00000000  00000-0  00000-0 0  9990
2 93539  86.5000 117.0000 0000000   0.0000 168.5000 13.22550000  5394
GW2_14_20
1 93540U 26003TT  26093.00000000  .00000000  00000-0  00000-0 0  9992
2 93540  86.5000 117.0000 0000000   0.0000 177.5000 13.22550000  5408
GW2_14_21
1 93541U 26003TU  26093.00000000  .00000000  00000-0  00000-0 0  9993
2 93541  86.5000 117.0000 0000000   0.0000 186.5000 13.22550000  5410
GW2_14_22
1 93542U 26003TV  26093.00000000  .00000000  00000-0  00000-0 0  9994
2 93542  86.5000 117.0000 0000000   0.0000 195.5000 13.22550000  5422
GW2_14_23
1 93543U 26003TW  26093.00000000  .00000000  00000-0  00000-0 0  9995
2 93543  86.5000 117.0000 0000000   0.0000 204.5000 13.22550000  5435
GW2_14_24
1 93544U 26003TX  26093.00000000  .00000000  00000-0  00000-0 0  9996
2 93544  86.5000 117.0000 0000000   0.0000 213.5000 13.22550000  5447
GW2_14_25
1 93545U 26003TY  26093.00000000  .00000000  00000-0  00000-0 0  9997
2 93545  86.5000 117.0000 0000000   0.0000 222.5000 13.22550000  5459
GW2_14_26
1 93546U 26003TZ  26093.00000000  .00000000  00000-0  00000-0 0  9998
2 93546  86.5000 117.0000 0000000   0.0000 231.5000 13.22550000  5461
GW2_14_27
1 93547U 26003UA  26093.00000000  .00000000  00000-0  00000-0 0  9999
2 93547  86.5000 117.0000 0000000   0.0000 240.5000 13.22550000  5473
GW2_14_28
1 93548U 26003UB  26093.00000000  .00000000  00000-0  00000-0 0  9990
2 93548  86.5000 117.0000 0000000   0.0000 249.5000 13.22550000  5484
GW2_14_29
1 93549U 26003UC  26093.00000000  .00000000  00000-0  00000-0 0  9991
2 93549  86.5000 117.0000 0000000   0.0000 258.5000 13.22550000  5496
GW2_14_30
1 93550U 26003UD  26093.00000000  .00000000  00000-0  00000-0 0  9993
2 93550  86.5000 117.0000 0000000   0.0000 267.5000 13.22550000  5500
GW2_14_31
1 93551U 26003UE  26093.00000000  .00000000  00000-0  00000-0 0  9994
2 93551  86.5000 117.0000 0000000   0.0000 276.5000 13.22550000  5512
GW2_14_32
1 93552U 26003UF  26093.00000000  .00000000  00000-0  00000-0 0  9995
2 93552  86.5000 117.0000 0000000   0.0000 285.5000 13.22550000  5524
GW2_14_33
1 93553U 26003UG  26093.00000000  .00000000  00000-0  00000-0 0  9996
2 93553  86.5000 117.0000 0000000   0.0000 294.5000 13.22550000  5536
GW2_14_34
1 93554U 26003UH  26093.00000000  .00000000  00000-0  00000-0 0  9997
2 93554  86.5000 117.0000 0000000   0.0000 303.5000 13.22550000  5549
GW2_14_35
1 93555U 26003UI  26093.00000000  .00000000  00000-0  00000-0 0  9998
2 93555  86.5000 117.0000 0000000   0.0000 312.5000 13.22550000  5551
GW2_14_36
1 93556U 26003UJ  26093.00000000  .00000000  00000-0  00000-0 0  9999
2 93556  86.5000 117.0000 0000000   0.0000 321.5000 13.22550000  5563
GW2_14_37
1 93557U 26003UK  26093.00000000  .00000000  00000-0  00000-0 0  9990
2 93557  86.5000 117.0000 0000000   0.0000 330.5000 13.22550000  5575
GW2_14_38
1 93558U 26003UL  26093.00000000  .00000000  00000-0  00000-0 0  9991
2 93558  86.5000 117.0000 0000000   0.0000 339.5000 13.22550000  5586
GW2_14_39
1 93559U 26003UM  26093.00000000  .00000000  00000-0  00000-0 0  9992
2 93559  86.5000 117.0000 0000000   0.0000 348.5000 13.22550000  5598
GW2_14_40
1 93560U 26003UN  26093.00000000  .00000000  00000-0  00000-0 0  9994
2 93560  86.5000 117.0000 0000000   0.0000 357.5000 13.22550000  5602
GW2_15_1
1 93561U 26003UO  26093.00000000  .00000000  00000-0  00000-0 0  9995
2 93561  86.5000 126.0000 0000000   0.0000   7.0000 13.22550000  5611
GW2_15_2
1 93562U 26003UP  26093.00000000  .00000000  00000-0  00000-0 0  9996
2 93562  86.5000 126.0000 0000000   0.0000  16.0000 13.22550000  5623
GW2_15_3
1 93563U 26003UQ  26093.00000000  .00000000  00000-0  00000-0 0  9997
2 93563  86.5000 126.0000 0000000   0.0000  25.0000 13.22550000  5635
GW2_15_4
1 93564U 26003UR  26093.00000000  .00000000  00000-0  00000-0 0  9998
2 93564  86.5000 126.0000 0000000   0.0000  34.0000 13.22550000  5647
GW2_15_5
1 93565U 26003US  26093.00000000  .00000000  00000-0  00000-0 0  9999
2 93565  86.5000 126.0000 0000000   0.0000  43.0000 13.22550000  5659
GW2_15_6
1 93566U 26003UT  26093.00000000  .00000000  00000-0  00000-0 0  9990
2 93566  86.5000 126.0000 0000000   0.0000  52.0000 13.22550000  5661
GW2_15_7
1 93567U 26003UU  26093.00000000  .00000000  00000-0  00000-0 0  9991
2 93567  86.5000 126.0000 0000000   0.0000  61.0000 13.22550000  5673
GW2_15_8
1 93568U 26003UV  26093.00000000  .00000000  00000-0  00000-0 0  9992
2 93568  86.5000 126.0000 0000000   0.0000  70.0000 13.22550000  5685
GW2_15_9
1 93569U 26003UW  26093.00000000  .00000000  00000-0  00000-0 0  9993
2 93569  86.5000 126.0000 0000000   0.0000  79.0000 13.22550000  5696
GW2_15_10
1 93570U 26003UX  26093.00000000  .00000000  00000-0  00000-0 0  9995
2 93570  86.5000 126.0000 0000000   0.0000  88.0000 13.22550000  5700
GW2_15_11
1 93571U 26003UY  26093.00000000  .00000000  00000-0  00000-0 0  9996
2 93571  86.5000 126.0000 0000000   0.0000  97.0000 13.22550000  5712
GW2_15_12
1 93572U 26003UZ  26093.00000000  .00000000  00000-0  00000-0 0  9997
2 93572  86.5000 126.0000 0000000   0.0000 106.0000 13.22550000  5725
GW2_15_13
1 93573U 26003VA  26093.00000000  .00000000  00000-0  00000-0 0  9998
2 93573  86.5000 126.0000 0000000   0.0000 115.0000 13.22550000  5737
GW2_15_14
1 93574U 26003VB  26093.00000000  .00000000  00000-0  00000-0 0  9999
2 93574  86.5000 126.0000 0000000   0.0000 124.0000 13.22550000  5749
GW2_15_15
1 93575U 26003VC  26093.00000000  .00000000  00000-0  00000-0 0  9990
2 93575  86.5000 126.0000 0000000   0.0000 133.0000 13.22550000  5751
GW2_15_16
1 93576U 26003VD  26093.00000000  .00000000  00000-0  00000-0 0  9991
2 93576  86.5000 126.0000 0000000   0.0000 142.0000 13.22550000  5763
GW2_15_17
1 93577U 26003VE  26093.00000000  .00000000  00000-0  00000-0 0  9992
2 93577  86.5000 126.0000 0000000   0.0000 151.0000 13.22550000  5775
GW2_15_18
1 93578U 26003VF  26093.00000000  .00000000  00000-0  00000-0 0  9993
2 93578  86.5000 126.0000 0000000   0.0000 160.0000 13.22550000  5787
GW2_15_19
1 93579U 26003VG  26093.00000000  .00000000  00000-0  00000-0 0  9994
2 93579  86.5000 126.0000 0000000   0.0000 169.0000 13.22550000  5798
GW2_15_20
1 93580U 26003VH  26093.00000000  .00000000  00000-0  00000-0 0  9996
2 93580  86.5000 126.0000 0000000   0.0000 178.0000 13.22550000  5802
GW2_15_21
1 93581U 26003VI  26093.00000000  .00000000  00000-0  00000-0 0  9997
2 93581  86.5000 126.0000 0000000   0.0000 187.0000 13.22550000  5814
GW2_15_22
1 93582U 26003VJ  26093.00000000  .00000000  00000-0  00000-0 0  9998
2 93582  86.5000 126.0000 0000000   0.0000 196.0000 13.22550000  5826
GW2_15_23
1 93583U 26003VK  26093.00000000  .00000000  00000-0  00000-0 0  9999
2 93583  86.5000 126.0000 0000000   0.0000 205.0000 13.22550000  5839
GW2_15_24
1 93584U 26003VL  26093.00000000  .00000000  00000-0  00000-0 0  9990
2 93584  86.5000 126.0000 0000000   0.0000 214.0000 13.22550000  5841
GW2_15_25
1 93585U 26003VM  26093.00000000  .00000000  00000-0  00000-0 0  9991
2 93585  86.5000 126.0000 0000000   0.0000 223.0000 13.22550000  5853
GW2_15_26
1 93586U 26003VN  26093.00000000  .00000000  00000-0  00000-0 0  9992
2 93586  86.5000 126.0000 0000000   0.0000 232.0000 13.22550000  5865
GW2_15_27
1 93587U 26003VO  26093.00000000  .00000000  00000-0  00000-0 0  9993
2 93587  86.5000 126.0000 0000000   0.0000 241.0000 13.22550000  5877
GW2_15_28
1 93588U 26003VP  26093.00000000  .00000000  00000-0  00000-0 0  9994
2 93588  86.5000 126.0000 0000000   0.0000 250.0000 13.22550000  5889
GW2_15_29
1 93589U 26003VQ  26093.00000000  .00000000  00000-0  00000-0 0  9995
2 93589  86.5000 126.0000 0000000   0.0000 259.0000 13.22550000  5890
GW2_15_30
1 93590U 26003VR  26093.00000000  .00000000  00000-0  00000-0 0  9997
2 93590  86.5000 126.0000 0000000   0.0000 268.0000 13.22550000  5904
GW2_15_31
1 93591U 26003VS  26093.00000000  .00000000  00000-0  00000-0 0  9998
2 93591  86.5000 126.0000 0000000   0.0000 277.0000 13.22550000  5916
GW2_15_32
1 93592U 26003VT  26093.00000000  .00000000  00000-0  00000-0 0  9999
2 93592  86.5000 126.0000 0000000   0.0000 286.0000 13.22550000  5928
GW2_15_33
1 93593U 26003VU  26093.00000000  .00000000  00000-0  00000-0 0  9990
2 93593  86.5000 126.0000 0000000   0.0000 295.0000 13.22550000  5930
GW2_15_34
1 93594U 26003VV  26093.00000000  .00000000  00000-0  00000-0 0  9991
2 93594  86.5000 126.0000 0000000   0.0000 304.0000 13.22550000  5943
GW2_15_35
1 93595U 26003VW  26093.00000000  .00000000  00000-0  00000-0 0  9992
2 93595  86.5000 126.0000 0000000   0.0000 313.0000 13.22550000  5955
GW2_15_36
1 93596U 26003VX  26093.00000000  .00000000  00000-0  00000-0 0  9993
2 93596  86.5000 126.0000 0000000   0.0000 322.0000 13.22550000  5967
GW2_15_37
1 93597U 26003VY  26093.00000000  .00000000  00000-0  00000-0 0  9994
2 93597  86.5000 126.0000 0000000   0.0000 331.0000 13.22550000  5979
GW2_15_38
1 93598U 26003VZ  26093.00000000  .00000000  00000-0  00000-0 0  9995
2 93598  86.5000 126.0000 0000000   0.0000 340.0000 13.22550000  5981
GW2_15_39
1 93599U 26003WA  26093.00000000  .00000000  00000-0  00000-0 0  9996
2 93599  86.5000 126.0000 0000000   0.0000 349.0000 13.22550000  5992
GW2_15_40
1 93600U 26003WB  26093.00000000  .00000000  00000-0  00000-0 0  9999
2 93600  86.5000 126.0000 0000000   0.0000 358.0000 13.22550000  6008
GW2_16_1
1 93601U 26003WC  26093.00000000  .00000000  00000-0  00000-0 0  9990
2 93601  86.5000 135.0000 0000000   0.0000   7.5000 13.22550000  6016
GW2_16_2
1 93602U 26003WD  26093.00000000  .00000000  00000-0  00000-0 0  9991
2 93602  86.5000 135.0000 0000000   0.0000  16.5000 13.22550000  6028
GW2_16_3
1 93603U 26003WE  26093.00000000  .00000000  00000-0  00000-0 0  9992
2 93603  86.5000 135.0000 0000000   0.0000  25.5000 13.22550000  6030
GW2_16_4
1 93604U 26003WF  26093.00000000  .00000000  00000-0  00000-0 0  9993
2 93604  86.5000 135.0000 0000000   0.0000  34.5000 13.22550000  6042
GW2_16_5
1 93605U 26003WG  26093.00000000  .00000000  00000-0  00000-0 0  9994
2 93605  86.5000 135.0000 0000000   0.0000  43.5000 13.22550000  6054
GW2_16_6
1 93606U 26003WH  26093.00000000  .00000000  00000-0  00000-0 0  9995
2 93606  86.5000 135.0000 0000000   0.0000  52.5000 13.22550000  6066
GW2_16_7
1 93607U 26003WI  26093.00000000  .00000000  00000-0  00000-0 0  9996
2 93607  86.5000 135.0000 0000000   0.0000  61.5000 13.22550000  6078
GW2_16_8
1 93608U 26003WJ  26093.00000000  .00000000  00000-0  00000-0 0  9997
2 93608  86.5000 135.0000 0000000   0.0000  70.5000 13.22550000  6080
GW2_16_9
1 93609U 26003WK  26093.00000000  .00000000  00000-0  00000-0 0  9998
2 93609  86.5000 135.0000 0000000   0.0000  79.5000 13.22550000  6091
GW2_16_10
1 93610U 26003WL  26093.00000000  .00000000  00000-0  00000-0 0  9990
2 93610  86.5000 135.0000 0000000   0.0000  88.5000 13.22550000  6105
GW2_16_11
1 93611U 26003WM  26093.00000000  .00000000  00000-0  00000-0 0  9991
2 93611  86.5000 135.0000 0000000   0.0000  97.5000 13.22550000  6117
GW2_16_12
1 93612U 26003WN  26093.00000000  .00000000  00000-0  00000-0 0  9992
2 93612  86.5000 135.0000 0000000   0.0000 106.5000 13.22550000  6120
GW2_16_13
1 93613U 26003WO  26093.00000000  .00000000  00000-0  00000-0 0  9993
2 93613  86.5000 135.0000 0000000   0.0000 115.5000 13.22550000  6132
GW2_16_14
1 93614U 26003WP  26093.00000000  .00000000  00000-0  00000-0 0  9994
2 93614  86.5000 135.0000 0000000   0.0000 124.5000 13.22550000  6144
GW2_16_15
1 93615U 26003WQ  26093.00000000  .00000000  00000-0  00000-0 0  9995
2 93615  86.5000 135.0000 0000000   0.0000 133.5000 13.22550000  6156
GW2_16_16
1 93616U 26003WR  26093.00000000  .00000000  00000-0  00000-0 0  9996
2 93616  86.5000 135.0000 0000000   0.0000 142.5000 13.22550000  6168
GW2_16_17
1 93617U 26003WS  26093.00000000  .00000000  00000-0  00000-0 0  9997
2 93617  86.5000 135.0000 0000000   0.0000 151.5000 13.22550000  6170
GW2_16_18
1 93618U 26003WT  26093.00000000  .00000000  00000-0  00000-0 0  9998
2 93618  86.5000 135.0000 0000000   0.0000 160.5000 13.22550000  6182
GW2_16_19
1 93619U 26003WU  26093.00000000  .00000000  00000-0  00000-0 0  9999
2 93619  86.5000 135.0000 0000000   0.0000 169.5000 13.22550000  6193
GW2_16_20
1 93620U 26003WV  26093.00000000  .00000000  00000-0  00000-0 0  9991
2 93620  86.5000 135.0000 0000000   0.0000 178.5000 13.22550000  6207
GW2_16_21
1 93621U 26003WW  26093.00000000  .00000000  00000-0  00000-0 0  9992
2 93621  86.5000 135.0000 0000000   0.0000 187.5000 13.22550000  6219
GW2_16_22
1 93622U 26003WX  26093.00000000  .00000000  00000-0  00000-0 0  9993
2 93622  86.5000 135.0000 0000000   0.0000 196.5000 13.22550000  6221
GW2_16_23
1 93623U 26003WY  26093.00000000  .00000000  00000-0  00000-0 0  9994
2 93623  86.5000 135.0000 0000000   0.0000 205.5000 13.22550000  6234
GW2_16_24
1 93624U 26003WZ  26093.00000000  .00000000  00000-0  00000-0 0  9995
2 93624  86.5000 135.0000 0000000   0.0000 214.5000 13.22550000  6246
GW2_16_25
1 93625U 26003XA  26093.00000000  .00000000  00000-0  00000-0 0  9996
2 93625  86.5000 135.0000 0000000   0.0000 223.5000 13.22550000  6258
GW2_16_26
1 93626U 26003XB  26093.00000000  .00000000  00000-0  00000-0 0  9997
2 93626  86.5000 135.0000 0000000   0.0000 232.5000 13.22550000  6260
GW2_16_27
1 93627U 26003XC  26093.00000000  .00000000  00000-0  00000-0 0  9998
2 93627  86.5000 135.0000 0000000   0.0000 241.5000 13.22550000  6272
GW2_16_28
1 93628U 26003XD  26093.00000000  .00000000  00000-0  00000-0 0  9999
2 93628  86.5000 135.0000 0000000   0.0000 250.5000 13.22550000  6284
GW2_16_29
1 93629U 26003XE  26093.00000000  .00000000  00000-0  00000-0 0  9990
2 93629  86.5000 135.0000 0000000   0.0000 259.5000 13.22550000  6295
GW2_16_30
1 93630U 26003XF  26093.00000000  .00000000  00000-0  00000-0 0  9992
2 93630  86.5000 135.0000 0000000   0.0000 268.5000 13.22550000  6309
GW2_16_31
1 93631U 26003XG  26093.00000000  .00000000  00000-0  00000-0 0  9993
2 93631  86.5000 135.0000 0000000   0.0000 277.5000 13.22550000  6311
GW2_16_32
1 93632U 26003XH  26093.00000000  .00000000  00000-0  00000-0 0  9994
2 93632  86.5000 135.0000 0000000   0.0000 286.5000 13.22550000  6323
GW2_16_33
1 93633U 26003XI  26093.00000000  .00000000  00000-0  00000-0 0  9995
2 93633  86.5000 135.0000 0000000   0.0000 295.5000 13.22550000  6335
GW2_16_34
1 93634U 26003XJ  26093.00000000  .00000000  00000-0  00000-0 0  9996
2 93634  86.5000 135.0000 0000000   0.0000 304.5000 13.22550000  6348
GW2_16_35
1 93635U 26003XK  26093.00000000  .00000000  00000-0  00000-0 0  9997
2 93635  86.5000 135.0000 0000000   0.0000 313.5000 13.22550000  6350
GW2_16_36
1 93636U 26003XL  26093.00000000  .00000000  00000-0  00000-0 0  9998
2 93636  86.5000 135.0000 0000000   0.0000 322.5000 13.22550000  6362
GW2_16_37
1 93637U 26003XM  26093.00000000  .00000000  00000-0  00000-0 0  9999
2 93637  86.5000 135.0000 0000000   0.0000 331.5000 13.22550000  6374
GW2_16_38
1 93638U 26003XN  26093.00000000  .00000000  00000-0  00000-0 0  9990
2 93638  86.5000 135.0000 0000000   0.0000 340.5000 13.22550000  6386
GW2_16_39
1 93639U 26003XO  26093.00000000  .00000000  00000-0  00000-0 0  9991
2 93639  86.5000 135.0000 0000000   0.0000 349.5000 13.22550000  6397
GW2_16_40
1 93640U 26003XP  26093.00000000  .00000000  00000-0  00000-0 0  9993
2 93640  86.5000 135.0000 0000000   0.0000 358.5000 13.22550000  6401
GW2_17_1
1 93641U 26003XQ  26093.00000000  .00000000  00000-0  00000-0 0  9994
2 93641  86.5000 144.0000 0000000   0.0000   8.0000 13.22550000  6410
GW2_17_2
1 93642U 26003XR  26093.00000000  .00000000  00000-0  00000-0 0  9995
2 93642  86.5000 144.0000 0000000   0.0000  17.0000 13.22550000  6422
GW2_17_3
1 93643U 26003XS  26093.00000000  .00000000  00000-0  00000-0 0  9996
2 93643  86.5000 144.0000 0000000   0.0000  26.0000 13.22550000  6434
GW2_17_4
1 93644U 26003XT  26093.00000000  .00000000  00000-0  00000-0 0  9997
2 93644  86.5000 144.0000 0000000   0.0000  35.0000 13.22550000  6446
GW2_17_5
1 93645U 26003XU  26093.00000000  .00000000  00000-0  00000-0 0  9998
2 93645  86.5000 144.0000 0000000   0.0000  44.0000 13.22550000  6458
GW2_17_6
1 93646U 26003XV  26093.00000000  .00000000  00000-0  00000-0 0  9999
2 93646  86.5000 144.0000 0000000   0.0000  53.0000 13.22550000  6460
GW2_17_7
1 93647U 26003XW  26093.00000000  .00000000  00000-0  00000-0 0  9990
2 93647  86.5000 144.0000 0000000   0.0000  62.0000 13.22550000  6472
GW2_17_8
1 93648U 26003XX  26093.00000000  .00000000  00000-0  00000-0 0  9991
2 93648  86.5000 144.0000 0000000   0.0000  71.0000 13.22550000  6484
GW2_17_9
1 93649U 26003XY  26093.00000000  .00000000  00000-0  00000-0 0  9992
2 93649  86.5000 144.0000 0000000   0.0000  80.0000 13.22550000  6496
GW2_17_10
1 93650U 26003XZ  26093.00000000  .00000000  00000-0  00000-0 0  9994
2 93650  86.5000 144.0000 0000000   0.0000  89.0000 13.22550000  6509
GW2_17_11
1 93651U 26003YA  26093.00000000  .00000000  00000-0  00000-0 0  9995
2 93651  86.5000 144.0000 0000000   0.0000  98.0000 13.22550000  6511
GW2_17_12
1 93652U 26003YB  26093.00000000  .00000000  00000-0  00000-0 0  9996
2 93652  86.5000 144.0000 0000000   0.0000 107.0000 13.22550000  6524
GW2_17_13
1 93653U 26003YC  26093.00000000  .00000000  00000-0  00000-0 0  9997
2 93653  86.5000 144.0000 0000000   0.0000 116.0000 13.22550000  6536
GW2_17_14
1 93654U 26003YD  26093.00000000  .00000000  00000-0  00000-0 0  9998
2 93654  86.5000 144.0000 0000000   0.0000 125.0000 13.22550000  6548
GW2_17_15
1 93655U 26003YE  26093.00000000  .00000000  00000-0  00000-0 0  9999
2 93655  86.5000 144.0000 0000000   0.0000 134.0000 13.22550000  6550
GW2_17_16
1 93656U 26003YF  26093.00000000  .00000000  00000-0  00000-0 0  9990
2 93656  86.5000 144.0000 0000000   0.0000 143.0000 13.22550000  6562
GW2_17_17
1 93657U 26003YG  26093.00000000  .00000000  00000-0  00000-0 0  9991
2 93657  86.5000 144.0000 0000000   0.0000 152.0000 13.22550000  6574
GW2_17_18
1 93658U 26003YH  26093.00000000  .00000000  00000-0  00000-0 0  9992
2 93658  86.5000 144.0000 0000000   0.0000 161.0000 13.22550000  6586
GW2_17_19
1 93659U 26003YI  26093.00000000  .00000000  00000-0  00000-0 0  9993
2 93659  86.5000 144.0000 0000000   0.0000 170.0000 13.22550000  6598
GW2_17_20
1 93660U 26003YJ  26093.00000000  .00000000  00000-0  00000-0 0  9995
2 93660  86.5000 144.0000 0000000   0.0000 179.0000 13.22550000  6601
GW2_17_21
1 93661U 26003YK  26093.00000000  .00000000  00000-0  00000-0 0  9996
2 93661  86.5000 144.0000 0000000   0.0000 188.0000 13.22550000  6613
GW2_17_22
1 93662U 26003YL  26093.00000000  .00000000  00000-0  00000-0 0  9997
2 93662  86.5000 144.0000 0000000   0.0000 197.0000 13.22550000  6625
GW2_17_23
1 93663U 26003YM  26093.00000000  .00000000  00000-0  00000-0 0  9998
2 93663  86.5000 144.0000 0000000   0.0000 206.0000 13.22550000  6638
GW2_17_24
1 93664U 26003YN  26093.00000000  .00000000  00000-0  00000-0 0  9999
2 93664  86.5000 144.0000 0000000   0.0000 215.0000 13.22550000  6640
GW2_17_25
1 93665U 26003YO  26093.00000000  .00000000  00000-0  00000-0 0  9990
2 93665  86.5000 144.0000 0000000   0.0000 224.0000 13.22550000  6652
GW2_17_26
1 93666U 26003YP  26093.00000000  .00000000  00000-0  00000-0 0  9991
2 93666  86.5000 144.0000 0000000   0.0000 233.0000 13.22550000  6664
GW2_17_27
1 93667U 26003YQ  26093.00000000  .00000000  00000-0  00000-0 0  9992
2 93667  86.5000 144.0000 0000000   0.0000 242.0000 13.22550000  6676
GW2_17_28
1 93668U 26003YR  26093.00000000  .00000000  00000-0  00000-0 0  9993
2 93668  86.5000 144.0000 0000000   0.0000 251.0000 13.22550000  6688
GW2_17_29
1 93669U 26003YS  26093.00000000  .00000000  00000-0  00000-0 0  9994
2 93669  86.5000 144.0000 0000000   0.0000 260.0000 13.22550000  6690
GW2_17_30
1 93670U 26003YT  26093.00000000  .00000000  00000-0  00000-0 0  9996
2 93670  86.5000 144.0000 0000000   0.0000 269.0000 13.22550000  6703
GW2_17_31
1 93671U 26003YU  26093.00000000  .00000000  00000-0  00000-0 0  9997
2 93671  86.5000 144.0000 0000000   0.0000 278.0000 13.22550000  6715
GW2_17_32
1 93672U 26003YV  26093.00000000  .00000000  00000-0  00000-0 0  9998
2 93672  86.5000 144.0000 0000000   0.0000 287.0000 13.22550000  6727
GW2_17_33
1 93673U 26003YW  26093.00000000  .00000000  00000-0  00000-0 0  9999
2 93673  86.5000 144.0000 0000000   0.0000 296.0000 13.22550000  6739
GW2_17_34
1 93674U 26003YX  26093.00000000  .00000000  00000-0  00000-0 0  9990
2 93674  86.5000 144.0000 0000000   0.0000 305.0000 13.22550000  6742
GW2_17_35
1 93675U 26003YY  26093.00000000  .00000000  00000-0  00000-0 0  9991
2 93675  86.5000 144.0000 0000000   0.0000 314.0000 13.22550000  6754
GW2_17_36
1 93676U 26003YZ  26093.00000000  .00000000  00000-0  00000-0 0  9992
2 93676  86.5000 144.0000 0000000   0.0000 323.0000 13.22550000  6766
GW2_17_37
1 93677U 26003ZA  26093.00000000  .00000000  00000-0  00000-0 0  9993
2 93677  86.5000 144.0000 0000000   0.0000 332.0000 13.22550000  6778
GW2_17_38
1 93678U 26003ZB  26093.00000000  .00000000  00000-0  00000-0 0  9994
2 93678  86.5000 144.0000 0000000   0.0000 341.0000 13.22550000  6780
GW2_17_39
1 93679U 26003ZC  26093.00000000  .00000000  00000-0  00000-0 0  9995
2 93679  86.5000 144.0000 0000000   0.0000 350.0000 13.22550000  6792
GW2_17_40
1 93680U 26003ZD  26093.00000000  .00000000  00000-0  00000-0 0  9997
2 93680  86.5000 144.0000 0000000   0.0000 359.0000 13.22550000  6805
GW2_18_1
1 93681U 26003ZE  26093.00000000  .00000000  00000-0  00000-0 0  9998
2 93681  86.5000 153.0000 0000000   0.0000   8.5000 13.22550000  6813
GW2_18_2
1 93682U 26003ZF  26093.00000000  .00000000  00000-0  00000-0 0  9999
2 93682  86.5000 153.0000 0000000   0.0000  17.5000 13.22550000  6825
GW2_18_3
1 93683U 26003ZG  26093.00000000  .00000000  00000-0  00000-0 0  9990
2 93683  86.5000 153.0000 0000000   0.0000  26.5000 13.22550000  6837
GW2_18_4
1 93684U 26003ZH  26093.00000000  .00000000  00000-0  00000-0 0  9991
2 93684  86.5000 153.0000 0000000   0.0000  35.5000 13.22550000  6849
GW2_18_5
1 93685U 26003ZI  26093.00000000  .00000000  00000-0  00000-0 0  9992
2 93685  86.5000 153.0000 0000000   0.0000  44.5000 13.22550000  6851
GW2_18_6
1 93686U 26003ZJ  26093.00000000  .00000000  00000-0  00000-0 0  9993
2 93686  86.5000 153.0000 0000000   0.0000  53.5000 13.22550000  6863
GW2_18_7
1 93687U 26003ZK  26093.00000000  .00000000  00000-0  00000-0 0  9994
2 93687  86.5000 153.0000 0000000   0.0000  62.5000 13.22550000  6875
GW2_18_8
1 93688U 26003ZL  26093.00000000  .00000000  00000-0  00000-0 0  9995
2 93688  86.5000 153.0000 0000000   0.0000  71.5000 13.22550000  6887
GW2_18_9
1 93689U 26003ZM  26093.00000000  .00000000  00000-0  00000-0 0  9996
2 93689  86.5000 153.0000 0000000   0.0000  80.5000 13.22550000  6899
GW2_18_10
1 93690U 26003ZN  26093.00000000  .00000000  00000-0  00000-0 0  9998
2 93690  86.5000 153.0000 0000000   0.0000  89.5000 13.22550000  6902
GW2_18_11
1 93691U 26003ZO  26093.00000000  .00000000  00000-0  00000-0 0  9999
2 93691  86.5000 153.0000 0000000   0.0000  98.5000 13.22550000  6914
GW2_18_12
1 93692U 26003ZP  26093.00000000  .00000000  00000-0  00000-0 0  9990
2 93692  86.5000 153.0000 0000000   0.0000 107.5000 13.22550000  6927
GW2_18_13
1 93693U 26003ZQ  26093.00000000  .00000000  00000-0  00000-0 0  9991
2 93693  86.5000 153.0000 0000000   0.0000 116.5000 13.22550000  6939
GW2_18_14
1 93694U 26003ZR  26093.00000000  .00000000  00000-0  00000-0 0  9992
2 93694  86.5000 153.0000 0000000   0.0000 125.5000 13.22550000  6941
GW2_18_15
1 93695U 26003ZS  26093.00000000  .00000000  00000-0  00000-0 0  9993
2 93695  86.5000 153.0000 0000000   0.0000 134.5000 13.22550000  6953
GW2_18_16
1 93696U 26003ZT  26093.00000000  .00000000  00000-0  00000-0 0  9994
2 93696  86.5000 153.0000 0000000   0.0000 143.5000 13.22550000  6965
GW2_18_17
1 93697U 26003ZU  26093.00000000  .00000000  00000-0  00000-0 0  9995
2 93697  86.5000 153.0000 0000000   0.0000 152.5000 13.22550000  6977
GW2_18_18
1 93698U 26003ZV  26093.00000000  .00000000  00000-0  00000-0 0  9996
2 93698  86.5000 153.0000 0000000   0.0000 161.5000 13.22550000  6989
GW2_18_19
1 93699U 26003ZW  26093.00000000  .00000000  00000-0  00000-0 0  9997
2 93699  86.5000 153.0000 0000000   0.0000 170.5000 13.22550000  6991
GW2_18_20
1 93700U 26003ZX  26093.00000000  .00000000  00000-0  00000-0 0  9990
2 93700  86.5000 153.0000 0000000   0.0000 179.5000 13.22550000  7006
GW2_18_21
1 93701U 26003ZY  26093.00000000  .00000000  00000-0  00000-0 0  9991
2 93701  86.5000 153.0000 0000000   0.0000 188.5000 13.22550000  7018
GW2_18_22
1 93702U 26003ZZ  26093.00000000  .00000000  00000-0  00000-0 0  9992
2 93702  86.5000 153.0000 0000000   0.0000 197.5000 13.22550000  7020
GW2_18_23
1 93703U 26003AAA 26093.00000000  .00000000  00000-0  00000-0 0  9993
2 93703  86.5000 153.0000 0000000   0.0000 206.5000 13.22550000  7033
GW2_18_24
1 93704U 26003AAB 26093.00000000  .00000000  00000-0  00000-0 0  9994
2 93704  86.5000 153.0000 0000000   0.0000 215.5000 13.22550000  7045
GW2_18_25
1 93705U 26003AAC 26093.00000000  .00000000  00000-0  00000-0 0  9995
2 93705  86.5000 153.0000 0000000   0.0000 224.5000 13.22550000  7057
GW2_18_26
1 93706U 26003AAD 26093.00000000  .00000000  00000-0  00000-0 0  9996
2 93706  86.5000 153.0000 0000000   0.0000 233.5000 13.22550000  7069
GW2_18_27
1 93707U 26003AAE 26093.00000000  .00000000  00000-0  00000-0 0  9997
2 93707  86.5000 153.0000 0000000   0.0000 242.5000 13.22550000  7071
GW2_18_28
1 93708U 26003AAF 26093.00000000  .00000000  00000-0  00000-0 0  9998
2 93708  86.5000 153.0000 0000000   0.0000 251.5000 13.22550000  7083
GW2_18_29
1 93709U 26003AAG 26093.00000000  .00000000  00000-0  00000-0 0  9999
2 93709  86.5000 153.0000 0000000   0.0000 260.5000 13.22550000  7095
GW2_18_30
1 93710U 26003AAH 26093.00000000  .00000000  00000-0  00000-0 0  9991
2 93710  86.5000 153.0000 0000000   0.0000 269.5000 13.22550000  7108
GW2_18_31
1 93711U 26003AAI 26093.00000000  .00000000  00000-0  00000-0 0  9992
2 93711  86.5000 153.0000 0000000   0.0000 278.5000 13.22550000  7110
GW2_18_32
1 93712U 26003AAJ 26093.00000000  .00000000  00000-0  00000-0 0  9993
2 93712  86.5000 153.0000 0000000   0.0000 287.5000 13.22550000  7122
GW2_18_33
1 93713U 26003AAK 26093.00000000  .00000000  00000-0  00000-0 0  9994
2 93713  86.5000 153.0000 0000000   0.0000 296.5000 13.22550000  7134
GW2_18_34
1 93714U 26003AAL 26093.00000000  .00000000  00000-0  00000-0 0  9995
2 93714  86.5000 153.0000 0000000   0.0000 305.5000 13.22550000  7147
GW2_18_35
1 93715U 26003AAM 26093.00000000  .00000000  00000-0  00000-0 0  9996
2 93715  86.5000 153.0000 0000000   0.0000 314.5000 13.22550000  7159
GW2_18_36
1 93716U 26003AAN 26093.00000000  .00000000  00000-0  00000-0 0  9997
2 93716  86.5000 153.0000 0000000   0.0000 323.5000 13.22550000  7161
GW2_18_37
1 93717U 26003AAO 26093.00000000  .00000000  00000-0  00000-0 0  9998
2 93717  86.5000 153.0000 0000000   0.0000 332.5000 13.22550000  7173
GW2_18_38
1 93718U 26003AAP 26093.00000000  .00000000  00000-0  00000-0 0  9999
2 93718  86.5000 153.0000 0000000   0.0000 341.5000 13.22550000  7185
GW2_18_39
1 93719U 26003AAQ 26093.00000000  .00000000  00000-0  00000-0 0  9990
2 93719  86.5000 153.0000 0000000   0.0000 350.5000 13.22550000  7197
GW2_18_40
1 93720U 26003AAR 26093.00000000  .00000000  00000-0  00000-0 0  9992
2 93720  86.5000 153.0000 0000000   0.0000 359.5000 13.22550000  7200
GW2_19_1
1 93721U 26003AAS 26093.00000000  .00000000  00000-0  00000-0 0  9993
2 93721  86.5000 162.0000 0000000   0.0000   9.0000 13.22550000  7219
GW2_19_2
1 93722U 26003AAT 26093.00000000  .00000000  00000-0  00000-0 0  9994
2 93722  86.5000 162.0000 0000000   0.0000  18.0000 13.22550000  7221
GW2_19_3
1 93723U 26003AAU 26093.00000000  .00000000  00000-0  00000-0 0  9995
2 93723  86.5000 162.0000 0000000   0.0000  27.0000 13.22550000  7233
GW2_19_4
1 93724U 26003AAV 26093.00000000  .00000000  00000-0  00000-0 0  9996
2 93724  86.5000 162.0000 0000000   0.0000  36.0000 13.22550000  7245
GW2_19_5
1 93725U 26003AAW 26093.00000000  .00000000  00000-0  00000-0 0  9997
2 93725  86.5000 162.0000 0000000   0.0000  45.0000 13.22550000  7257
GW2_19_6
1 93726U 26003AAX 26093.00000000  .00000000  00000-0  00000-0 0  9998
2 93726  86.5000 162.0000 0000000   0.0000  54.0000 13.22550000  7269
GW2_19_7
1 93727U 26003AAY 26093.00000000  .00000000  00000-0  00000-0 0  9999
2 93727  86.5000 162.0000 0000000   0.0000  63.0000 13.22550000  7271
GW2_19_8
1 93728U 26003AAZ 26093.00000000  .00000000  00000-0  00000-0 0  9990
2 93728  86.5000 162.0000 0000000   0.0000  72.0000 13.22550000  7283
GW2_19_9
1 93729U 26003ABA 26093.00000000  .00000000  00000-0  00000-0 0  9991
2 93729  86.5000 162.0000 0000000   0.0000  81.0000 13.22550000  7295
GW2_19_10
1 93730U 26003ABB 26093.00000000  .00000000  00000-0  00000-0 0  9993
2 93730  86.5000 162.0000 0000000   0.0000  90.0000 13.22550000  7309
GW2_19_11
1 93731U 26003ABC 26093.00000000  .00000000  00000-0  00000-0 0  9994
2 93731  86.5000 162.0000 0000000   0.0000  99.0000 13.22550000  7310
GW2_19_12
1 93732U 26003ABD 26093.00000000  .00000000  00000-0  00000-0 0  9995
2 93732  86.5000 162.0000 0000000   0.0000 108.0000 13.22550000  7323
GW2_19_13
1 93733U 26003ABE 26093.00000000  .00000000  00000-0  00000-0 0  9996
2 93733  86.5000 162.0000 0000000   0.0000 117.0000 13.22550000  7335
GW2_19_14
1 93734U 26003ABF 26093.00000000  .00000000  00000-0  00000-0 0  9997
2 93734  86.5000 162.0000 0000000   0.0000 126.0000 13.22550000  7347
GW2_19_15
1 93735U 26003ABG 26093.00000000  .00000000  00000-0  00000-0 0  9998
2 93735  86.5000 162.0000 0000000   0.0000 135.0000 13.22550000  7359
GW2_19_16
1 93736U 26003ABH 26093.00000000  .00000000  00000-0  00000-0 0  9999
2 93736  86.5000 162.0000 0000000   0.0000 144.0000 13.22550000  7361
GW2_19_17
1 93737U 26003ABI 26093.00000000  .00000000  00000-0  00000-0 0  9990
2 93737  86.5000 162.0000 0000000   0.0000 153.0000 13.22550000  7373
GW2_19_18
1 93738U 26003ABJ 26093.00000000  .00000000  00000-0  00000-0 0  9991
2 93738  86.5000 162.0000 0000000   0.0000 162.0000 13.22550000  7385
GW2_19_19
1 93739U 26003ABK 26093.00000000  .00000000  00000-0  00000-0 0  9992
2 93739  86.5000 162.0000 0000000   0.0000 171.0000 13.22550000  7397
GW2_19_20
1 93740U 26003ABL 26093.00000000  .00000000  00000-0  00000-0 0  9994
2 93740  86.5000 162.0000 0000000   0.0000 180.0000 13.22550000  7401
GW2_19_21
1 93741U 26003ABM 26093.00000000  .00000000  00000-0  00000-0 0  9995
2 93741  86.5000 162.0000 0000000   0.0000 189.0000 13.22550000  7412
GW2_19_22
1 93742U 26003ABN 26093.00000000  .00000000  00000-0  00000-0 0  9996
2 93742  86.5000 162.0000 0000000   0.0000 198.0000 13.22550000  7424
GW2_19_23
1 93743U 26003ABO 26093.00000000  .00000000  00000-0  00000-0 0  9997
2 93743  86.5000 162.0000 0000000   0.0000 207.0000 13.22550000  7437
GW2_19_24
1 93744U 26003ABP 26093.00000000  .00000000  00000-0  00000-0 0  9998
2 93744  86.5000 162.0000 0000000   0.0000 216.0000 13.22550000  7449
GW2_19_25
1 93745U 26003ABQ 26093.00000000  .00000000  00000-0  00000-0 0  9999
2 93745  86.5000 162.0000 0000000   0.0000 225.0000 13.22550000  7451
GW2_19_26
1 93746U 26003ABR 26093.00000000  .00000000  00000-0  00000-0 0  9990
2 93746  86.5000 162.0000 0000000   0.0000 234.0000 13.22550000  7463
GW2_19_27
1 93747U 26003ABS 26093.00000000  .00000000  00000-0  00000-0 0  9991
2 93747  86.5000 162.0000 0000000   0.0000 243.0000 13.22550000  7475
GW2_19_28
1 93748U 26003ABT 26093.00000000  .00000000  00000-0  00000-0 0  9992
2 93748  86.5000 162.0000 0000000   0.0000 252.0000 13.22550000  7487
GW2_19_29
1 93749U 26003ABU 26093.00000000  .00000000  00000-0  00000-0 0  9993
2 93749  86.5000 162.0000 0000000   0.0000 261.0000 13.22550000  7499
GW2_19_30
1 93750U 26003ABV 26093.00000000  .00000000  00000-0  00000-0 0  9995
2 93750  86.5000 162.0000 0000000   0.0000 270.0000 13.22550000  7503
GW2_19_31
1 93751U 26003ABW 26093.00000000  .00000000  00000-0  00000-0 0  9996
2 93751  86.5000 162.0000 0000000   0.0000 279.0000 13.22550000  7514
GW2_19_32
1 93752U 26003ABX 26093.00000000  .00000000  00000-0  00000-0 0  9997
2 93752  86.5000 162.0000 0000000   0.0000 288.0000 13.22550000  7526
GW2_19_33
1 93753U 26003ABY 26093.00000000  .00000000  00000-0  00000-0 0  9998
2 93753  86.5000 162.0000 0000000   0.0000 297.0000 13.22550000  7538
GW2_19_34
1 93754U 26003ABZ 26093.00000000  .00000000  00000-0  00000-0 0  9999
2 93754  86.5000 162.0000 0000000   0.0000 306.0000 13.22550000  7541
GW2_19_35
1 93755U 26003ACA 26093.00000000  .00000000  00000-0  00000-0 0  9990
2 93755  86.5000 162.0000 0000000   0.0000 315.0000 13.22550000  7553
GW2_19_36
1 93756U 26003ACB 26093.00000000  .00000000  00000-0  00000-0 0  9991
2 93756  86.5000 162.0000 0000000   0.0000 324.0000 13.22550000  7565
GW2_19_37
1 93757U 26003ACC 26093.00000000  .00000000  00000-0  00000-0 0  9992
2 93757  86.5000 162.0000 0000000   0.0000 333.0000 13.22550000  7577
GW2_19_38
1 93758U 26003ACD 26093.00000000  .00000000  00000-0  00000-0 0  9993
2 93758  86.5000 162.0000 0000000   0.0000 342.0000 13.22550000  7589
GW2_19_39
1 93759U 26003ACE 26093.00000000  .00000000  00000-0  00000-0 0  9994
2 93759  86.5000 162.0000 0000000   0.0000 351.0000 13.22550000  7591
GW2_19_40
1 93760U 26003ACF 26093.00000000  .00000000  00000-0  00000-0 0  9996
2 93760  86.5000 162.0000 0000000   0.0000   0.0000 13.22550000  7606
GW2_20_1
1 93761U 26003ACG 26093.00000000  .00000000  00000-0  00000-0 0  9997
2 93761  86.5000 171.0000 0000000   0.0000   9.5000 13.22550000  7612
GW2_20_2
1 93762U 26003ACH 26093.00000000  .00000000  00000-0  00000-0 0  9998
2 93762  86.5000 171.0000 0000000   0.0000  18.5000 13.22550000  7624
GW2_20_3
1 93763U 26003ACI 26093.00000000  .00000000  00000-0  00000-0 0  9999
2 93763  86.5000 171.0000 0000000   0.0000  27.5000 13.22550000  7636
GW2_20_4
1 93764U 26003ACJ 26093.00000000  .00000000  00000-0  00000-0 0  9990
2 93764  86.5000 171.0000 0000000   0.0000  36.5000 13.22550000  7648
GW2_20_5
1 93765U 26003ACK 26093.00000000  .00000000  00000-0  00000-0 0  9991
2 93765  86.5000 171.0000 0000000   0.0000  45.5000 13.22550000  7650
GW2_20_6
1 93766U 26003ACL 26093.00000000  .00000000  00000-0  00000-0 0  9992
2 93766  86.5000 171.0000 0000000   0.0000  54.5000 13.22550000  7662
GW2_20_7
1 93767U 26003ACM 26093.00000000  .00000000  00000-0  00000-0 0  9993
2 93767  86.5000 171.0000 0000000   0.0000  63.5000 13.22550000  7674
GW2_20_8
1 93768U 26003ACN 26093.00000000  .00000000  00000-0  00000-0 0  9994
2 93768  86.5000 171.0000 0000000   0.0000  72.5000 13.22550000  7686
GW2_20_9
1 93769U 26003ACO 26093.00000000  .00000000  00000-0  00000-0 0  9995
2 93769  86.5000 171.0000 0000000   0.0000  81.5000 13.22550000  7698
GW2_20_10
1 93770U 26003ACP 26093.00000000  .00000000  00000-0  00000-0 0  9997
2 93770  86.5000 171.0000 0000000   0.0000  90.5000 13.22550000  7702
GW2_20_11
1 93771U 26003ACQ 26093.00000000  .00000000  00000-0  00000-0 0  9998
2 93771  86.5000 171.0000 0000000   0.0000  99.5000 13.22550000  7713
GW2_20_12
1 93772U 26003ACR 26093.00000000  .00000000  00000-0  00000-0 0  9999
2 93772  86.5000 171.0000 0000000   0.0000 108.5000 13.22550000  7726
GW2_20_13
1 93773U 26003ACS 26093.00000000  .00000000  00000-0  00000-0 0  9990
2 93773  86.5000 171.0000 0000000   0.0000 117.5000 13.22550000  7738
GW2_20_14
1 93774U 26003ACT 26093.00000000  .00000000  00000-0  00000-0 0  9991
2 93774  86.5000 171.0000 0000000   0.0000 126.5000 13.22550000  7740
GW2_20_15
1 93775U 26003ACU 26093.00000000  .00000000  00000-0  00000-0 0  9992
2 93775  86.5000 171.0000 0000000   0.0000 135.5000 13.22550000  7752
GW2_20_16
1 93776U 26003ACV 26093.00000000  .00000000  00000-0  00000-0 0  9993
2 93776  86.5000 171.0000 0000000   0.0000 144.5000 13.22550000  7764
GW2_20_17
1 93777U 26003ACW 26093.00000000  .00000000  00000-0  00000-0 0  9994
2 93777  86.5000 171.0000 0000000   0.0000 153.5000 13.22550000  7776
GW2_20_18
1 93778U 26003ACX 26093.00000000  .00000000  00000-0  00000-0 0  9995
2 93778  86.5000 171.0000 0000000   0.0000 162.5000 13.22550000  7788
GW2_20_19
1 93779U 26003ACY 26093.00000000  .00000000  00000-0  00000-0 0  9996
2 93779  86.5000 171.0000 0000000   0.0000 171.5000 13.22550000  7790
GW2_20_20
1 93780U 26003ACZ 26093.00000000  .00000000  00000-0  00000-0 0  9998
2 93780  86.5000 171.0000 0000000   0.0000 180.5000 13.22550000  7804
GW2_20_21
1 93781U 26003ADA 26093.00000000  .00000000  00000-0  00000-0 0  9999
2 93781  86.5000 171.0000 0000000   0.0000 189.5000 13.22550000  7815
GW2_20_22
1 93782U 26003ADB 26093.00000000  .00000000  00000-0  00000-0 0  9990
2 93782  86.5000 171.0000 0000000   0.0000 198.5000 13.22550000  7827
GW2_20_23
1 93783U 26003ADC 26093.00000000  .00000000  00000-0  00000-0 0  9991
2 93783  86.5000 171.0000 0000000   0.0000 207.5000 13.22550000  7830
GW2_20_24
1 93784U 26003ADD 26093.00000000  .00000000  00000-0  00000-0 0  9992
2 93784  86.5000 171.0000 0000000   0.0000 216.5000 13.22550000  7842
GW2_20_25
1 93785U 26003ADE 26093.00000000  .00000000  00000-0  00000-0 0  9993
2 93785  86.5000 171.0000 0000000   0.0000 225.5000 13.22550000  7854
GW2_20_26
1 93786U 26003ADF 26093.00000000  .00000000  00000-0  00000-0 0  9994
2 93786  86.5000 171.0000 0000000   0.0000 234.5000 13.22550000  7866
GW2_20_27
1 93787U 26003ADG 26093.00000000  .00000000  00000-0  00000-0 0  9995
2 93787  86.5000 171.0000 0000000   0.0000 243.5000 13.22550000  7878
GW2_20_28
1 93788U 26003ADH 26093.00000000  .00000000  00000-0  00000-0 0  9996
2 93788  86.5000 171.0000 0000000   0.0000 252.5000 13.22550000  7880
GW2_20_29
1 93789U 26003ADI 26093.00000000  .00000000  00000-0  00000-0 0  9997
2 93789  86.5000 171.0000 0000000   0.0000 261.5000 13.22550000  7892
GW2_20_30
1 93790U 26003ADJ 26093.00000000  .00000000  00000-0  00000-0 0  9999
2 93790  86.5000 171.0000 0000000   0.0000 270.5000 13.22550000  7906
GW2_20_31
1 93791U 26003ADK 26093.00000000  .00000000  00000-0  00000-0 0  9990
2 93791  86.5000 171.0000 0000000   0.0000 279.5000 13.22550000  7917
GW2_20_32
1 93792U 26003ADL 26093.00000000  .00000000  00000-0  00000-0 0  9991
2 93792  86.5000 171.0000 0000000   0.0000 288.5000 13.22550000  7929
GW2_20_33
1 93793U 26003ADM 26093.00000000  .00000000  00000-0  00000-0 0  9992
2 93793  86.5000 171.0000 0000000   0.0000 297.5000 13.22550000  7931
GW2_20_34
1 93794U 26003ADN 26093.00000000  .00000000  00000-0  00000-0 0  9993
2 93794  86.5000 171.0000 0000000   0.0000 306.5000 13.22550000  7944
GW2_20_35
1 93795U 26003ADO 26093.00000000  .00000000  00000-0  00000-0 0  9994
2 93795  86.5000 171.0000 0000000   0.0000 315.5000 13.22550000  7956
GW2_20_36
1 93796U 26003ADP 26093.00000000  .00000000  00000-0  00000-0 0  9995
2 93796  86.5000 171.0000 0000000   0.0000 324.5000 13.22550000  7968
GW2_20_37
1 93797U 26003ADQ 26093.00000000  .00000000  00000-0  00000-0 0  9996
2 93797  86.5000 171.0000 0000000   0.0000 333.5000 13.22550000  7970
GW2_20_38
1 93798U 26003ADR 26093.00000000  .00000000  00000-0  00000-0 0  9997
2 93798  86.5000 171.0000 0000000   0.0000 342.5000 13.22550000  7982
GW2_20_39
1 93799U 26003ADS 26093.00000000  .00000000  00000-0  00000-0 0  9998
2 93799  86.5000 171.0000 0000000   0.0000 351.5000 13.22550000  7994
GW2_20_40
1 93800U 26003ADT 26093.00000000  .00000000  00000-0  00000-0 0  9991
2 93800  86.5000 171.0000 0000000   0.0000   0.5000 13.22550000  8001
